time	noteName	noteMIDI	noteKey	noteOctave
0.000	A#	94	10	6
0.720	G#	56	8	3
1.300	G	43	7	2
1.370	G#	44	8	2
1.974	G	43	7	2
2.717	A	57	9	3
2.740	D#	51	3	3
3.204	A#	70	10	4
3.506	G	43	7	2
3.994	G	55	7	3
4.063	G#	56	8	3
4.249	E	40	4	2
4.737	E	40	4	2
4.992	G	43	7	2
5.480	G#	56	8	3
5.759	A#	46	10	2
5.968	F	41	5	2
6.130	A	45	9	2
6.293	B	47	11	2
6.502	G	43	7	2
6.571	G	43	7	2
7.012	F#	42	6	2
7.245	F	53	5	3
7.268	G#	56	8	3
7.384	G#	56	8	3
7.616	C#	13	1	0
7.732	G#	44	8	2
7.988	G#	56	8	3
8.382	G#	56	8	3
8.754	G	43	7	2
8.847	F#	42	6	2
9.033	F	-7	5	-2
9.218	A	57	9	3
9.265	G	43	7	2
9.497	F#	42	6	2
9.613	A#	58	10	3
9.985	A#	58	10	3
10.263	F	41	5	2
10.286	E	40	4	2
10.728	F	41	5	2
10.797	E	40	4	2
11.006	E	40	4	2
11.749	A#	46	10	2
11.958	C	48	0	3
12.028	B	47	11	2
12.283	A#	34	10	1
12.423	C	48	0	3
12.492	A	45	9	2
12.608	F#	54	6	3
12.725	B	23	11	0
13.050	G#	56	8	3
13.282	A	45	9	2
13.375	F#	42	6	2
13.514	G#	44	8	2
13.978	G#	92	8	6
14.002	G#	44	8	2
14.768	F	53	5	3
14.814	F#	42	6	2
15.209	G#	56	8	3
15.488	F	41	5	2
15.511	G	43	7	2
15.650	G#	44	8	2
16.068	A#	58	10	3
16.254	F	41	5	2
16.324	F#	42	6	2
16.463	B	47	11	2
16.742	B	47	11	2
16.997	C	48	0	3
17.020	G	43	7	2
17.763	G	43	7	2
17.856	F#	54	6	3
18.112	G#	56	8	3
18.251	F#	42	6	2
18.506	C	36	0	2
18.553	G#	56	8	3
18.971	A#	94	10	6
19.064	A#	94	10	6
19.296	F	41	5	2
19.365	G	43	7	2
19.458	F	41	5	2
19.621	F	41	5	2
19.760	C#	61	1	4
19.969	G	43	7	2
20.712	C	48	0	3
20.735	C#	49	1	3
20.991	C#	49	1	3
21.153	A	57	9	3
21.269	A#	70	10	4
21.502	C	36	0	2
21.548	F#	54	6	3
21.711	F#	54	6	3
21.896	A#	58	10	3
22.082	A#	58	10	3
22.268	G	43	7	2
22.361	G#	44	8	2
22.639	F	17	5	0
22.779	C#	1	1	-1
22.895	G	43	7	2
22.988	F#	6	6	-1
23.243	G	-5	7	-2
23.406	D	2	2	-1
23.731	C	48	0	3
23.754	D#	51	3	3
24.242	D#	75	3	5
24.497	A#	34	10	1
24.636	A#	58	10	3
24.706	A	57	9	3
24.985	B	47	11	2
25.240	F	41	5	2
25.287	F#	42	6	2
25.472	A	57	9	3
25.612	G#	44	8	2
25.728	G#	44	8	2
25.983	A	57	9	3
26.749	G	43	7	2
26.842	G	43	7	2
26.912	D	50	2	3
27.051	G#	56	8	3
27.492	F	53	5	3
27.609	G	55	7	3
27.701	F	53	5	3
27.980	G#	56	8	3
28.259	D#	39	3	2
28.421	A	57	9	3
28.630	A	57	9	3
28.793	G	43	7	2
29.002	F#	42	6	2
29.118	A	57	9	3
29.234	F	29	5	1
29.513	E	52	4	3
29.768	A#	46	10	2
29.861	C	48	0	3
29.907	B	47	11	2
30.209	C	48	0	3
30.256	B	47	11	2
30.488	F#	42	6	2
30.604	G	55	7	3
30.975	G	55	7	3
31.254	A	57	9	3
31.300	G#	44	8	2
31.486	G#	44	8	2
31.974	A	57	9	3
31.997	G#	56	8	3
32.485	G#	56	8	3
32.740	D	50	2	3
32.833	D#	39	3	2
32.949	G#	56	8	3
33.205	G#	56	8	3
33.483	C	60	0	4
33.506	G	43	7	2
33.785	A	57	9	3
33.878	D#	39	3	2
33.994	D#	39	3	2
34.249	E	40	4	2
34.528	G#	56	8	3
34.737	E	40	4	2
34.992	D#	99	3	7
35.016	G#	56	8	3
35.759	B	47	11	2
35.898	B	47	11	2
36.061	B	47	11	2
36.246	G	43	7	2
36.386	B	47	11	2
36.502	C	48	0	3
36.525	G#	44	8	2
36.897	G	55	7	3
37.059	A	45	9	2
37.105	B	47	11	2
37.314	A#	-2	10	-2
37.454	G#	44	8	2
37.709	G#	56	8	3
37.895	A	33	9	1
37.988	B	71	11	4
38.034	B	-13	11	-3
38.545	G#	56	8	3
38.708	A	57	9	3
38.754	D#	51	3	3
38.870	G#	56	8	3
38.986	D#	39	3	2
39.219	D#	39	3	2
39.335	G	43	7	2
39.497	G	103	7	7
39.544	G#	56	8	3
39.706	A	57	9	3
39.985	G	55	7	3
40.263	B	47	11	2
40.449	B	47	11	2
40.681	G#	56	8	3
40.844	G#	56	8	3
41.006	A	57	9	3
41.053	A	57	9	3
41.773	G	43	7	2
42.423	F	53	5	3
42.493	F#	54	6	3
42.609	G	55	7	3
43.003	A	57	9	3
43.027	G#	56	8	3
43.305	F	41	5	2
43.398	G	43	7	2
43.491	G#	56	8	3
43.700	F	41	5	2
43.979	F#	42	6	2
44.327	E	-8	4	-2
44.722	F#	102	6	7
44.768	D	50	2	3
44.907	C#	49	1	3
45.186	G	55	7	3
45.232	A	57	9	3
45.488	A	45	9	2
45.581	F#	42	6	2
45.697	B	71	11	4
45.906	F	-7	5	-2
46.092	D	62	2	4
46.254	G#	56	8	3
46.440	D#	63	3	4
46.533	D#	63	3	4
46.672	E	64	4	4
46.881	D#	39	3	2
46.997	F	41	5	2
47.090	G#	56	8	3
47.322	C	60	0	4
47.763	B	47	11	2
47.949	B	47	11	2
48.158	A#	46	10	2
48.251	B	47	11	2
48.506	G#	56	8	3
48.785	G	55	7	3
48.901	G#	56	8	3
48.994	G	55	7	3
49.250	G	43	7	2
49.319	G#	44	8	2
49.551	G#	44	8	2
49.714	A	57	9	3
49.969	F	29	5	1
49.993	G#	32	8	1
50.411	G	55	7	3
50.480	G#	44	8	2
50.759	D	50	2	3
50.852	D#	51	3	3
51.200	F#	54	6	3
51.479	F	53	5	3
51.502	F#	54	6	3
51.618	G	55	7	3
51.757	G#	56	8	3
52.013	G#	56	8	3
52.268	G#	56	8	3
52.361	F	29	5	1
52.454	G#	56	8	3
52.733	G#	56	8	3
52.988	F	29	5	1
53.011	E	28	4	1
53.452	F	29	5	1
53.754	F#	42	6	2
53.894	C	48	0	3
53.963	B	47	11	2
54.242	C	48	0	3
54.288	F#	54	6	3
54.497	F	29	5	1
54.520	G#	56	8	3
54.962	A#	70	10	4
54.985	B	71	11	4
55.263	A	45	9	2
55.356	G	43	7	2
55.635	A	57	9	3
55.705	G#	32	8	1
56.007	A	57	9	3
56.169	G	55	7	3
56.308	G	55	7	3
56.517	G	55	7	3
56.773	D#	51	3	3
56.959	D#	51	3	3
57.214	D#	39	3	2
57.516	F#	42	6	2
57.655	G#	56	8	3
57.980	G	103	7	7
58.143	F	101	5	7
58.259	F#	54	6	3
58.445	G	55	7	3
58.491	F#	54	6	3
58.700	G#	56	8	3
59.002	D#	51	3	3
59.072	G#	56	8	3
59.768	A#	46	10	2
59.861	B	47	11	2
60.233	B	47	11	2
60.418	A#	46	10	2
60.488	F#	42	6	2
60.604	G#	44	8	2
60.720	B	35	11	1
60.976	B	35	11	1
61.231	A	93	9	6
61.254	A	45	9	2
61.394	G#	32	8	1
61.510	G#	32	8	1
61.858	G	55	7	3
61.997	C	60	0	4
62.485	G#	56	8	3
62.740	F	29	5	1
62.764	G#	56	8	3
62.973	G#	56	8	3
63.089	C	60	0	4
63.181	C	60	0	4
63.390	C#	1	1	-1
63.507	A#	10	10	-1
63.576	E	64	4	4
63.855	F	41	5	2
63.925	D#	63	3	4
64.250	F#	54	6	3
64.482	F#	54	6	3
64.644	B	47	11	2
64.760	G#	56	8	3
65.016	A	57	9	3
65.109	G#	56	8	3
65.225	A	57	9	3
65.759	F	29	5	1
65.782	A#	94	10	6
65.945	A#	94	10	6
66.247	F#	42	6	2
66.502	B	47	11	2
66.897	F#	42	6	2
67.013	G	43	7	2
67.245	F#	42	6	2
67.361	F#	42	6	2
67.617	G	55	7	3
67.709	F#	42	6	2
67.965	F	41	5	2
67.988	G#	56	8	3
68.290	A	57	9	3
68.429	G#	56	8	3
68.545	A	57	9	3
68.731	G	43	7	2
68.824	A	57	9	3
68.940	C#	49	1	3
69.335	C#	49	1	3
69.497	F#	42	6	2
69.613	A	57	9	3
70.055	B	107	11	7
70.078	G	31	7	1
70.264	F	29	5	1
70.356	F	29	5	1
70.449	D#	27	3	1
70.728	E	40	4	2
70.983	A	57	9	3
71.007	E	40	4	2
71.750	F	41	5	2
71.866	A#	46	10	2
71.959	B	47	11	2
72.237	B	35	11	1
72.493	B	47	11	2
72.609	G	55	7	3
72.655	B	47	11	2
72.980	F#	42	6	2
73.120	C	36	0	2
73.259	G#	44	8	2
73.375	A#	58	10	3
73.538	A	57	9	3
73.723	B	59	11	3
74.002	F	53	5	3
74.025	D#	87	3	6
74.141	D#	87	3	6
74.304	B	71	11	4
74.675	C	48	0	3
74.768	D#	39	3	2
75.000	D	62	2	4
75.209	A#	-2	10	-2
75.488	D	50	2	3
75.535	G	55	7	3
75.813	D#	39	3	2
75.952	G#	68	8	4
76.069	G#	92	8	6
76.254	D#	39	3	2
76.394	B	47	11	2
76.533	F	29	5	1
76.719	A	57	9	3
76.997	E	40	4	2
77.717	F	29	5	1
77.764	G	-5	7	-2
77.926	C	48	0	3
77.996	B	47	11	2
78.228	B	47	11	2
78.507	G#	56	8	3
78.623	B	47	11	2
78.785	F#	54	6	3
79.064	G	-5	7	-2
79.226	F	29	5	1
79.250	G#	44	8	2
79.505	G#	56	8	3
79.807	G#	56	8	3
79.900	F#	54	6	3
79.993	G#	32	8	1
80.550	F	-7	5	-2
80.736	F	53	5	3
80.759	G	31	7	1
80.898	A#	106	10	7
81.014	G#	32	8	1
81.223	A	57	9	3
81.502	A	57	9	3
81.618	A	57	9	3
81.990	C#	25	1	1
82.245	F	41	5	2
82.268	E	40	4	2
82.454	F	29	5	1
82.547	D#	27	3	1
82.756	G	43	7	2
82.988	F	29	5	1
83.244	G#	56	8	3
83.383	G#	56	8	3
83.754	F	41	5	2
83.778	B	47	11	2
83.894	B	47	11	2
84.126	B	47	11	2
84.242	B	47	11	2
84.497	G#	56	8	3
84.683	B	35	11	1
85.008	B	35	11	1
85.264	F#	42	6	2
85.380	F	53	5	3
85.403	A	57	9	3
85.519	D#	51	3	3
85.821	A	57	9	3
86.007	A	57	9	3
86.216	G#	56	8	3
86.541	A	57	9	3
86.750	C#	1	1	-1
86.866	F	29	5	1
86.982	G#	56	8	3
87.237	B	47	11	2
87.353	A#	46	10	2
87.493	B	47	11	2
87.609	D#	39	3	2
87.980	D#	39	3	2
88.213	F#	54	6	3
88.514	F#	54	6	3
88.747	B	47	11	2
88.956	C	48	0	3
89.002	B	47	11	2
89.118	F#	54	6	3
89.420	F#	54	6	3
89.559	A	57	9	3
89.768	F	41	5	2
89.815	G	43	7	2
89.954	F#	30	6	1
90.210	A#	-2	10	-2
90.488	E	76	4	5
90.511	F#	30	6	1
90.813	G	55	7	3
90.999	G	31	7	1
91.185	F	29	5	1
91.254	D	38	2	2
91.324	F#	42	6	2
91.580	F	41	5	2
91.719	C#	37	1	2
91.974	G	55	7	3
92.230	G#	56	8	3
92.415	A	57	9	3
92.508	G#	56	8	3
92.717	A	57	9	3
92.880	C#	49	1	3
93.391	C#	1	1	-1
93.507	C	36	0	2
93.553	G#	56	8	3
94.203	D#	99	3	7
94.250	G#	44	8	2
94.366	F	29	5	1
94.505	G	31	7	1
94.668	F#	30	6	1
94.993	F#	30	6	1
95.689	G	55	7	3
95.736	F#	54	6	3
95.922	G	55	7	3
96.131	F#	54	6	3
96.409	G#	56	8	3
96.525	A	57	9	3
96.549	G#	56	8	3
97.292	G#	56	8	3
99.498	F#	54	6	3
100.241	F	53	5	3
100.264	E	76	4	5
100.426	D#	27	3	1
100.751	F	29	5	1
101.007	G#	92	8	6
101.262	E	64	4	4
101.471	E	52	4	3
101.750	F#	102	6	7
101.773	G#	56	8	3
101.936	G#	56	8	3
102.214	A#	46	10	2
102.284	G	43	7	2
102.493	B	71	11	4
102.609	B	35	11	1
103.004	G#	56	8	3
103.259	F	29	5	1
103.282	E	64	4	4
103.468	E	64	4	4
103.654	G#	56	8	3
103.770	E	52	4	3
104.002	G#	92	8	6
104.583	E	52	4	3
104.768	A#	46	10	2
104.861	C	48	0	3
104.931	B	47	11	2
105.233	B	47	11	2
105.419	A#	46	10	2
105.511	C	48	0	3
105.604	B	47	11	2
105.883	E	64	4	4
106.046	G	43	7	2
106.255	B	47	11	2
106.510	B	47	11	2
106.742	B	47	11	2
106.905	A#	46	10	2
106.998	G	43	7	2
107.183	B	23	11	0
107.416	C	24	0	1
107.508	B	11	11	-1
107.764	A#	94	10	6
107.810	F#	42	6	2
107.950	F#	54	6	3
108.228	F#	54	6	3
108.484	F	41	5	2
108.507	F#	42	6	2
108.994	F#	54	6	3
109.250	B	47	11	2
109.505	C	48	0	3
109.621	B	47	11	2
109.738	F#	54	6	3
109.993	F	29	5	1
110.016	F#	78	6	5
110.481	G	43	7	2
110.759	A#	46	10	2
110.829	G#	56	8	3
111.247	B	47	11	2
111.502	F	65	5	4
111.525	F#	42	6	2
111.665	B	71	11	4
111.967	F	41	5	2
111.990	F#	42	6	2
112.292	F#	78	6	5
112.338	G#	44	8	2
112.617	F#	78	6	5
112.733	G#	56	8	3
112.988	A	45	9	2
113.035	G#	56	8	3
113.453	F	5	5	-1
113.546	D#	3	3	-1
113.755	E	52	4	3
113.847	G#	92	8	6
114.219	D#	39	3	2
114.498	G	55	7	3
114.544	F#	78	6	5
114.660	D#	51	3	3
114.985	G#	56	8	3
115.217	G#	56	8	3
115.310	F#	42	6	2
115.426	G	43	7	2
115.496	A#	58	10	3
115.728	A#	58	10	3
115.960	G#	44	8	2
116.262	A	33	9	1
116.448	F	17	5	0
116.587	G	43	7	2
116.750	G	43	7	2
116.912	D#	51	3	3
117.238	G#	56	8	3
117.493	A#	94	10	6
117.563	D#	39	3	2
117.981	D#	39	3	2
118.236	C	48	0	3
118.259	F#	42	6	2
118.399	F#	42	6	2
118.608	F#	66	6	4
118.747	F#	42	6	2
119.002	F	5	5	-1
119.095	F#	42	6	2
119.443	E	100	4	7
119.583	G	43	7	2
119.722	C#	49	1	3
119.885	C#	61	1	4
120.210	D	50	2	3
120.279	C#	73	1	5
120.488	C#	49	1	3
120.604	C#	37	1	2
120.721	C#	37	1	2
121.022	C#	37	1	2
121.255	F	41	5	2
121.278	F	41	5	2
121.417	G#	56	8	3
121.719	F	41	5	2
121.765	F#	42	6	2
121.951	F	29	5	1
121.998	G	43	7	2
122.091	G#	56	8	3
122.508	F#	30	6	1
122.741	F	41	5	2
122.810	F#	42	6	2
122.926	C#	49	1	3
123.135	C#	49	1	3
123.252	F#	54	6	3
123.507	C#	61	1	4
123.600	F#	30	6	1
123.902	G	43	7	2
124.250	E	76	4	5
124.296	E	76	4	5
124.598	E	76	4	5
124.738	E	52	4	3
124.970	F	41	5	2
124.993	E	40	4	2
125.504	E	40	4	2
125.759	A	45	9	2
125.806	F	41	5	2
125.968	G#	56	8	3
126.224	B	47	11	2
126.479	C	48	0	3
126.502	C	48	0	3
126.618	B	35	11	1
126.781	C	36	0	2
126.967	G#	56	8	3
127.245	C	24	0	1
127.338	F	29	5	1
127.478	E	64	4	4
127.756	F	41	5	2
127.803	F#	42	6	2
127.988	F	29	5	1
128.012	E	28	4	1
128.522	E	52	4	3
128.755	F#	42	6	2
128.894	C	48	0	3
128.964	B	47	11	2
129.242	B	47	11	2
129.498	F	41	5	2
129.521	F#	54	6	3
129.753	F	29	5	1
129.962	F	65	5	4
129.985	E	64	4	4
130.264	F#	66	6	4
130.450	B	47	11	2
130.775	B	47	11	2
131.007	F#	42	6	2
131.123	G	43	7	2
131.379	A#	10	10	-1
131.518	F	17	5	0
131.750	F#	66	6	4
131.843	F#	42	6	2
132.005	F#	42	6	2
132.214	F#	30	6	1
132.493	G	31	7	1
132.656	D#	63	3	4
132.981	G	43	7	2
133.259	B	47	11	2
133.538	G#	56	8	3
133.724	B	47	11	2
134.002	F	41	5	2
134.049	F#	54	6	3
134.490	C	48	0	3
134.513	E	100	4	7
134.745	F#	54	6	3
134.885	B	35	11	1
135.187	G	55	7	3
135.233	F#	54	6	3
135.488	G	55	7	3
135.558	C#	61	1	4
135.721	B	23	11	0
135.976	F	41	5	2
136.092	A#	94	10	6
136.255	G	43	7	2
136.510	F#	66	6	4
136.766	A	57	9	3
136.858	G	43	7	2
136.998	G#	44	8	2
137.114	G#	56	8	3
137.462	G#	56	8	3
137.741	F	53	5	3
137.764	G	43	7	2
137.927	G#	56	8	3
138.205	F	41	5	2
138.228	G	55	7	3
138.507	D#	51	3	3
138.971	G#	56	8	3
139.250	F	41	5	2
139.320	A	33	9	1
139.413	G#	68	8	4
139.714	F	29	5	1
139.761	G#	56	8	3
139.970	G	31	7	1
140.109	A#	58	10	3
140.458	A#	58	10	3
140.597	G#	56	8	3
140.759	F	53	5	3
140.783	D#	51	3	3
140.945	D	50	2	3
141.038	A#	58	10	3
141.247	A#	58	10	3
141.502	C#	61	1	4
141.735	D#	39	3	2
141.944	A#	46	10	2
142.269	C	48	0	3
142.338	F#	42	6	2
142.478	F	41	5	2
142.547	F#	42	6	2
142.756	G	43	7	2
142.965	G	67	7	4
142.988	G#	-4	8	-2
143.290	F#	78	6	5
143.406	F	5	5	-1
143.592	F#	42	6	2
143.732	C#	49	1	3
143.871	C#	37	1	2
143.987	C#	37	1	2
144.219	C#	37	1	2
144.475	C	60	0	4
144.498	C#	49	1	3
144.753	D	38	2	2
144.893	C#	37	1	2
145.009	C#	37	1	2
145.241	A#	46	10	2
145.310	F#	42	6	2
145.543	F#	42	6	2
145.682	F	41	5	2
145.961	G#	68	8	4
146.007	F#	30	6	1
146.750	C	48	0	3
146.820	G#	92	8	6
147.029	C#	49	1	3
147.238	C#	49	1	3
147.493	F#	30	6	1
147.725	A	57	9	3
147.841	A	57	9	3
147.888	F#	42	6	2
148.050	G	31	7	1
148.259	G#	44	8	2
148.376	F#	42	6	2
148.515	G#	56	8	3
149.002	C#	-23	1	-3
149.467	G#	56	8	3
149.769	F	41	5	2
149.862	D#	51	3	3
150.210	A#	94	10	6
150.489	G	43	7	2
150.558	G	43	7	2
150.860	G#	56	8	3
150.976	A	57	9	3
151.092	G#	56	8	3
151.255	D#	39	3	2
151.371	B	47	11	2
151.603	F	29	5	1
151.719	B	71	11	4
151.998	A#	58	10	3
152.764	C	48	0	3
152.857	A	57	9	3
153.066	A#	46	10	2
153.275	G#	56	8	3
153.368	G	55	7	3
153.507	G	55	7	3
153.577	G#	56	8	3
153.902	A	57	9	3
154.018	G	43	7	2
154.227	C	72	0	5
154.250	G#	44	8	2
154.436	G#	56	8	3
154.668	G	55	7	3
154.715	G	31	7	1
154.993	G#	56	8	3
155.597	B	107	11	7
155.736	F	53	5	3
155.759	D#	39	3	2
155.899	D#	63	3	4
156.201	F	29	5	1
156.224	D#	27	3	1
156.502	D	26	2	1
156.642	D#	27	3	1
156.874	A	57	9	3
156.920	A#	58	10	3
157.246	A#	94	10	6
157.269	F	29	5	1
157.594	A	69	9	4
157.733	G#	56	8	3
157.989	E	28	4	1
158.499	F	29	5	1
158.755	F	41	5	2
158.778	B	47	11	2
158.894	F#	54	6	3
159.219	F	29	5	1
159.242	B	47	11	2
159.498	F#	42	6	2
159.730	F	89	5	6
160.032	D#	63	3	4
160.264	F	41	5	2
160.311	G#	44	8	2
160.589	B	71	11	4
160.705	G#	56	8	3
160.821	A	33	9	1
161.007	G	31	7	1
161.286	G#	44	8	2
161.472	A#	94	10	6
161.727	D	50	2	3
161.820	D#	51	3	3
161.959	D#	51	3	3
162.191	G#	56	8	3
162.447	F	17	5	0
162.493	F#	42	6	2
162.633	D#	-9	3	-2
162.842	C#	61	1	4
163.120	D	26	2	1
163.260	C#	61	1	4
163.399	D	62	2	4
163.561	D	62	2	4
163.724	C#	61	1	4
163.886	C#	61	1	4
164.003	D#	27	3	1
164.235	C#	61	1	4
164.513	C#	61	1	4
164.746	B	47	11	2
164.955	B	47	11	2
165.233	G	55	7	3
165.373	A	57	9	3
165.489	F	29	5	1
165.535	G#	44	8	2
165.651	G#	56	8	3
165.767	B	47	11	2
166.046	G	43	7	2
166.185	F#	54	6	3
166.255	F	53	5	3
166.417	B	47	11	2
166.534	B	47	11	2
166.696	B	47	11	2
166.859	B	47	11	2
166.998	F	53	5	3
167.021	G	43	7	2
167.160	G	55	7	3
167.764	G	43	7	2
167.903	F#	42	6	2
168.205	F#	42	6	2
168.507	C#	61	1	4
168.716	C#	61	1	4
168.763	F	29	5	1
168.995	F#	30	6	1
169.250	F	41	5	2
169.366	F#	30	6	1
169.738	G#	56	8	3
169.993	C#	61	1	4
170.713	F	41	5	2
170.736	C#	49	1	3
170.969	C#	49	1	3
171.085	C#	49	1	3
171.247	C#	37	1	2
171.503	B	35	11	1
171.619	B	35	11	1
171.874	F#	54	6	3
171.967	F#	54	6	3
172.060	F#	54	6	3
172.292	G#	56	8	3
172.524	G	55	7	3
172.594	G#	56	8	3
172.919	G	55	7	3
172.989	G#	56	8	3
173.244	G#	56	8	3
173.476	G#	56	8	3
173.732	G	67	7	4
173.755	D#	51	3	3
173.964	D#	27	3	1
174.196	F	29	5	1
174.219	D#	39	3	2
174.498	G	43	7	2
174.986	G#	56	8	3
175.241	D	62	2	4
175.264	F	29	5	1
175.404	D#	27	3	1
175.729	G#	56	8	3
176.007	G	43	7	2
176.147	F#	54	6	3
176.356	F	53	5	3
176.495	F#	54	6	3
176.565	F#	54	6	3
176.750	C	72	0	5
176.774	F	41	5	2
176.890	B	47	11	2
177.191	B	47	11	2
177.308	B	47	11	2
177.493	G#	56	8	3
177.702	G#	56	8	3
177.958	F#	54	6	3
178.260	G#	68	8	4
178.306	G	43	7	2
178.492	C	60	0	4
178.608	G#	32	8	1
179.003	G#	56	8	3
179.467	G#	56	8	3
179.769	F	53	5	3
179.792	F#	42	6	2
180.001	D#	39	3	2
180.210	F#	54	6	3
180.326	G	55	7	3
180.489	F	41	5	2
180.605	G#	56	8	3
180.860	G#	56	8	3
181.000	G#	56	8	3
181.255	G	55	7	3
181.487	D#	39	3	2
181.603	G#	56	8	3
181.766	G#	56	8	3
181.998	G	55	7	3
182.346	B	47	11	2
182.509	G#	56	8	3
182.764	F#	42	6	2
182.927	F#	54	6	3
183.089	G#	56	8	3
183.252	B	47	11	2
183.484	C	48	0	3
183.507	B	35	11	1
183.972	G	43	7	2
184.250	F	41	5	2
184.320	G#	44	8	2
184.506	G#	32	8	1
184.761	G#	32	8	1
184.970	G	55	7	3
185.017	G#	56	8	3
185.272	G#	56	8	3
185.481	G#	56	8	3
185.760	D#	39	3	2
185.899	G#	56	8	3
186.085	A	57	9	3
186.224	D#	27	3	1
186.503	A	57	9	3
186.526	F#	42	6	2
186.967	G#	92	8	6
186.990	G#	56	8	3
187.246	D#	39	3	2
187.408	B	47	11	2
187.733	G	43	7	2
187.989	F	29	5	1
188.035	E	64	4	4
188.360	C#	61	1	4
188.523	C#	61	1	4
188.639	C#	61	1	4
188.755	C	48	0	3
188.848	B	47	11	2
189.103	B	47	11	2
189.336	G#	56	8	3
189.498	A	45	9	2
189.591	A	57	9	3
189.823	F#	54	6	3
190.032	G#	56	8	3
190.195	A#	34	10	1
190.264	B	47	11	2
190.450	B	47	11	2
190.682	C	48	0	3
190.798	A#	46	10	2
191.007	F	41	5	2
191.054	G	55	7	3
191.240	G	55	7	3
191.727	E	76	4	5
191.750	F#	42	6	2
192.493	F#	30	6	1
192.981	A#	94	10	6
193.236	A#	94	10	6
193.260	F	41	5	2
193.562	F#	42	6	2
193.701	F#	42	6	2
193.887	F	41	5	2
193.980	G	43	7	2
194.142	C#	25	1	1
194.514	C	108	0	8
194.537	C#	109	1	8
194.723	F#	102	6	7
194.769	C#	61	1	4
195.048	C#	49	1	3
195.233	F#	30	6	1
195.512	G	43	7	2
195.651	F#	42	6	2
195.767	E	64	4	4
195.976	F	29	5	1
196.139	D#	63	3	4
196.255	F	41	5	2
196.278	G	55	7	3
196.418	F	41	5	2
196.534	F#	54	6	3
196.719	G	55	7	3
196.882	G#	56	8	3
196.998	G	43	7	2
197.207	F	29	5	1
197.393	A	57	9	3
197.462	G#	56	8	3
197.764	A	57	9	3
197.973	C	48	0	3
198.089	A	57	9	3
198.252	B	47	11	2
198.507	F#	42	6	2
198.949	G#	56	8	3
199.250	F	53	5	3
199.297	E	40	4	2
199.715	E	40	4	2
199.970	F	41	5	2
199.993	E	40	4	2
200.760	A#	46	10	2
200.829	B	47	11	2
201.085	B	47	11	2
201.317	E	76	4	5
201.480	A	93	9	6
201.503	B	47	11	2
201.689	E	40	4	2
201.990	E	40	4	2
202.176	F#	54	6	3
202.246	F	53	5	3
202.408	G	55	7	3
202.455	F#	54	6	3
202.733	B	47	11	2
202.989	C	48	0	3
203.012	G#	56	8	3
203.198	G#	92	8	6
203.430	G#	56	8	3
203.662	G#	56	8	3
203.755	G#	56	8	3
203.964	C#	49	1	3
204.498	A	45	9	2
204.545	D#	63	3	4
204.707	G#	56	8	3
204.916	A	57	9	3
204.986	B	35	11	1
205.264	G	43	7	2
205.473	B	23	11	0
205.729	B	47	11	2
205.845	A	57	9	3
206.007	A	57	9	3
206.031	G#	56	8	3
206.147	G#	56	8	3
206.472	A	57	9	3
206.518	G#	56	8	3
206.750	F#	54	6	3
206.936	G#	56	8	3
207.238	F#	30	6	1
207.494	B	47	11	2
207.633	B	47	11	2
207.981	C	48	0	3
208.051	B	47	11	2
208.260	G#	44	8	2
208.376	F#	42	6	2
208.492	G	43	7	2
208.771	G#	92	8	6
209.003	F	41	5	2
209.049	G#	32	8	1
209.723	C	48	0	3
209.769	B	71	11	4
210.210	G#	56	8	3
210.512	F	41	5	2
210.582	G#	44	8	2
210.698	G#	44	8	2
210.977	G#	44	8	2
211.302	G#	44	8	2
211.418	G#	56	8	3
211.511	G	43	7	2
211.789	C	108	0	8
211.929	A	45	9	2
211.975	G#	68	8	4
212.091	F	65	5	4
212.230	D#	63	3	4
212.370	D#	63	3	4
212.602	D	62	2	4
212.695	D#	63	3	4
212.764	D#	51	3	3
212.927	D	62	2	4
213.206	F	41	5	2
213.229	G#	56	8	3
213.507	D	62	2	4
213.600	D#	63	3	4
213.809	D#	63	3	4
213.972	D#	63	3	4
214.158	F#	66	6	4
214.274	F	41	5	2
214.552	E	64	4	4
214.715	D#	63	3	4
214.947	F	65	5	4
214.970	D#	63	3	4
215.203	D#	63	3	4
215.365	D#	63	3	4
215.574	D#	75	3	5
215.737	C#	49	1	3
215.969	C#	49	1	3
216.201	C#	49	1	3
216.456	C	60	0	4
216.503	C	36	0	2
216.596	F#	54	6	3
216.990	F#	42	6	2
217.246	F	41	5	2
217.339	G	43	7	2
217.525	G	31	7	1
217.687	F#	42	6	2
217.966	F	41	5	2
217.989	F#	30	6	1
218.453	D	98	2	7
218.732	C#	49	1	3
218.941	C#	49	1	3
219.243	C#	37	1	2
219.475	F	29	5	1
219.498	C#	61	1	4
219.730	G	31	7	1
219.893	C#	61	1	4
219.986	F#	30	6	1
220.264	F	29	5	1
220.427	G#	56	8	3
220.752	G#	56	8	3
220.984	C	48	0	3
221.008	E	28	4	1
221.472	G#	56	8	3
221.751	A#	46	10	2
221.820	B	47	11	2
222.006	B	47	11	2
222.215	B	47	11	2
222.494	C	48	0	3
222.517	B	47	11	2
222.656	B	47	11	2
222.981	B	47	11	2
223.260	F	29	5	1
223.330	D#	27	3	1
223.631	C#	61	1	4
223.747	D	62	2	4
224.003	C#	49	1	3
224.096	C#	73	1	5
224.165	C#	61	1	4
224.467	C#	61	1	4
224.653	D	62	2	4
224.746	B	47	11	2
224.955	B	47	11	2
225.234	F#	6	6	-1
225.489	D#	63	3	4
225.582	F	41	5	2
225.675	D#	63	3	4
225.977	F	29	5	1
226.139	F	41	5	2
226.255	F#	42	6	2
226.464	B	35	11	1
226.743	B	47	11	2
226.905	A#	46	10	2
226.998	A	105	9	7
227.068	G	55	7	3
227.370	A	57	9	3
227.416	G#	56	8	3
227.625	A#	70	10	4
227.765	G	43	7	2
227.904	F	29	5	1
227.997	B	71	11	4
228.229	G#	56	8	3
228.508	C#	49	1	3
228.786	F	29	5	1
228.972	F#	42	6	2
229.135	F	29	5	1
229.251	G	43	7	2
229.506	A	57	9	3
229.715	B	47	11	2
229.924	C	48	0	3
229.994	F	29	5	1
230.063	G	55	7	3
230.458	G	55	7	3
230.737	F	41	5	2
230.760	F#	54	6	3
230.876	G#	56	8	3
231.015	B	47	11	2
231.248	B	47	11	2
231.503	F#	42	6	2
231.991	B	59	11	3
232.246	F	29	5	1
232.269	G#	44	8	2
232.385	G	55	7	3
232.710	A	57	9	3
232.734	G#	56	8	3
232.989	G#	44	8	2
233.221	G#	56	8	3
233.477	G	43	7	2
233.546	G#	56	8	3
233.755	F	53	5	3
233.779	G#	56	8	3
233.918	D#	39	3	2
234.220	A	57	9	3
234.243	D#	39	3	2
234.498	G	43	7	2
234.591	G#	56	8	3
234.847	F#	54	6	3
234.940	G#	56	8	3
235.265	F	41	5	2
235.311	G#	44	8	2
235.427	G#	44	8	2
235.659	G#	44	8	2
235.961	A	57	9	3
235.984	F#	54	6	3
236.286	A	57	9	3
236.379	A#	82	10	5
236.449	G	43	7	2
236.751	D	50	2	3
236.844	D#	51	3	3
236.913	G#	56	8	3
237.238	A	57	9	3
237.331	A#	94	10	6
237.494	G	55	7	3
237.633	D#	39	3	2
237.981	D#	39	3	2
238.260	C#	61	1	4
238.376	F#	42	6	2
238.608	G	43	7	2
238.678	F	41	5	2
238.980	F	41	5	2
239.003	G#	56	8	3
239.328	A	57	9	3
239.398	G#	56	8	3
239.723	C#	49	1	3
239.839	C#	49	1	3
239.955	C#	49	1	3
240.257	C#	49	1	3
240.489	D	62	2	4
240.512	G	43	7	2
240.791	C#	49	1	3
240.977	C#	37	1	2
241.255	F	41	5	2
241.371	G	43	7	2
241.441	F#	42	6	2
241.697	F#	42	6	2
241.998	A#	94	10	6
242.022	F#	30	6	1
242.741	C#	37	1	2
242.927	C#	37	1	2
243.043	C#	49	1	3
243.229	C#	37	1	2
243.508	F#	42	6	2
243.740	F#	102	6	7
243.763	F	29	5	1
243.902	A#	70	10	4
244.019	F#	42	6	2
244.274	G	31	7	1
244.413	G#	56	8	3
245.017	F	-19	5	-3
245.760	F#	42	6	2
246.248	B	47	11	2
246.503	B	47	11	2
246.875	C	48	0	3
246.991	A	45	9	2
247.037	G	43	7	2
247.246	D#	39	3	2
247.409	F	41	5	2
247.525	B	47	11	2
247.757	E	64	4	4
247.989	C#	1	1	-1
248.105	G#	56	8	3
248.477	G#	56	8	3
248.732	A	57	9	3
248.755	G#	68	8	4
248.895	B	59	11	3
249.173	C	36	0	2
249.220	B	35	11	1
249.498	A#	70	10	4
249.568	G#	92	8	6
249.707	B	35	11	1
249.986	G#	56	8	3
250.241	F	29	5	1
250.265	F	29	5	1
250.427	D#	27	3	1
250.752	E	40	4	2
251.008	G#	68	8	4
251.101	E	28	4	1
251.472	G#	44	8	2
251.588	E	52	4	3
251.751	A#	70	10	4
251.774	G#	56	8	3
251.890	B	47	11	2
252.215	A#	46	10	2
252.308	B	47	11	2
252.494	F#	66	6	4
252.610	D#	63	3	4
252.912	F	29	5	1
252.981	G	43	7	2
253.260	D	62	2	4
253.283	G	43	7	2
253.608	B	47	11	2
253.841	B	47	11	2
254.003	D	38	2	2
254.096	G#	56	8	3
254.398	C#	97	1	7
254.514	G#	44	8	2
254.746	G	43	7	2
254.816	G	43	7	2
254.955	F#	30	6	1
255.211	F	29	5	1
255.280	G	31	7	1
255.489	C	48	0	3
255.605	B	47	11	2
255.721	B	47	11	2
255.977	B	47	11	2
256.255	G#	44	8	2
256.441	B	47	11	2
256.720	A#	58	10	3
256.766	B	47	11	2
256.998	A#	58	10	3
257.486	B	59	11	3
257.765	F	53	5	3
257.811	G#	92	8	6
257.927	D#	39	3	2
258.252	F#	42	6	2
258.485	C	60	0	4
258.508	C#	61	1	4
258.670	B	71	11	4
258.879	B	71	11	4
258.995	F#	42	6	2
259.251	A#	34	10	1
259.390	D#	75	3	5
259.553	F#	66	6	4
259.692	D#	63	3	4
259.994	G	67	7	4
260.017	G#	56	8	3
260.180	G#	44	8	2
260.481	G#	56	8	3
260.760	D#	51	3	3
260.830	D#	51	3	3
260.946	D#	51	3	3
261.224	F#	78	6	5
261.503	A#	94	10	6
261.526	G	43	7	2
261.735	G#	44	8	2
261.968	C	48	0	3
261.991	G#	56	8	3
262.246	G#	56	8	3
262.432	F	29	5	1
262.455	G#	44	8	2
262.711	A#	70	10	4
262.989	G#	44	8	2
263.105	A#	58	10	3
263.198	G	31	7	1
263.477	A#	58	10	3
263.570	G#	56	8	3
263.755	F#	42	6	2
263.895	D#	51	3	3
263.964	A#	58	10	3
264.243	D#	39	3	2
264.499	A	57	9	3
264.591	G#	92	8	6
264.707	G#	56	8	3
264.986	A	57	9	3
265.009	E	64	4	4
265.265	F#	42	6	2
265.451	F	41	5	2
265.474	F#	42	6	2
265.729	F	41	5	2
266.008	G#	56	8	3
266.101	G#	56	8	3
266.194	F#	42	6	2
266.495	F#	42	6	2
266.612	C#	13	1	0
266.728	F	53	5	3
266.751	C#	49	1	3
266.913	C#	49	1	3
267.192	F#	78	6	5
267.215	C#	49	1	3
267.494	F#	42	6	2
267.610	F#	42	6	2
267.958	F#	42	6	2
268.237	C	48	0	3
268.260	F#	42	6	2
268.376	F	41	5	2
268.701	F	41	5	2
268.771	F#	42	6	2
269.003	F	41	5	2
269.073	F#	30	6	1
269.514	F#	30	6	1
269.746	F	29	5	1
269.769	C#	37	1	2
270.071	C#	49	1	3
270.234	C#	37	1	2
270.489	C#	1	1	-1
270.605	F#	78	6	5
270.884	G	31	7	1
271.023	C#	37	1	2
271.256	G	91	7	6
271.279	G#	92	8	6
271.418	B	47	11	2
271.604	F	29	5	1
271.743	B	47	11	2
271.999	F	41	5	2
272.091	A#	58	10	3
272.486	B	59	11	3
272.765	F	29	5	1
272.811	B	47	11	2
272.974	C	48	0	3
273.043	B	47	11	2
273.299	B	47	11	2
273.508	F#	42	6	2
273.624	B	47	11	2
273.995	G	43	7	2
274.088	B	35	11	1
274.251	C	36	0	2
274.297	E	52	4	3
274.437	G#	56	8	3
274.530	F	29	5	1
274.808	E	64	4	4
274.994	E	76	4	5
275.110	E	28	4	1
275.760	F	17	5	0
275.807	F	41	5	2
275.923	B	47	11	2
276.248	B	47	11	2
276.434	A#	46	10	2
276.503	C	48	0	3
276.619	E	40	4	2
276.991	E	40	4	2
277.246	A#	46	10	2
277.339	B	47	11	2
277.595	A#	58	10	3
277.711	B	47	11	2
277.989	C	48	0	3
278.013	C	48	0	3
278.129	B	35	11	1
278.407	B	47	11	2
278.593	F#	78	6	5
278.756	G	43	7	2
278.825	G	43	7	2
279.011	F#	66	6	4
279.174	F#	30	6	1
279.499	A	57	9	3
279.522	F#	42	6	2
279.986	F#	30	6	1
280.265	A#	46	10	2
280.358	C	48	0	3
280.474	A#	34	10	1
280.729	G#	56	8	3
281.008	A	45	9	2
281.054	B	35	11	1
281.472	G	43	7	2
281.751	A#	46	10	2
281.844	C#	85	1	6
282.239	B	35	11	1
282.494	F	29	5	1
282.540	G#	44	8	2
282.726	B	23	11	0
282.982	A	57	9	3
283.005	F#	54	6	3
283.260	G	43	7	2
283.400	A	45	9	2
283.492	G#	32	8	1
283.725	A#	58	10	3
284.003	A	57	9	3
284.096	A#	58	10	3
284.468	A#	58	10	3
284.584	G	31	7	1
284.723	A	45	9	2
284.770	D#	39	3	2
284.886	D#	39	3	2
285.187	G	79	7	5
285.211	A#	94	10	6
285.489	F	41	5	2
285.582	D#	39	3	2
285.977	D#	39	3	2
286.232	A	57	9	3
286.256	F#	42	6	2
286.418	G#	56	8	3
286.511	G#	44	8	2
286.766	G#	44	8	2
286.999	G#	44	8	2
287.115	G#	44	8	2
287.742	F	53	5	3
287.765	D#	51	3	3
287.881	D#	51	3	3
287.997	D#	51	3	3
288.229	A#	94	10	6
288.508	A#	10	10	-1
288.578	D#	27	3	1
288.972	D#	27	3	1
289.251	F	41	5	2
289.274	G#	44	8	2
289.390	F	41	5	2
289.506	F#	42	6	2
289.762	F#	42	6	2
289.994	A	57	9	3
290.087	F#	102	6	7
290.505	A#	58	10	3
290.575	A#	58	10	3
290.737	C	48	0	3
290.830	C	48	0	3
290.900	C#	49	1	3
291.178	G#	44	8	2
291.294	C	48	0	3
291.503	C#	37	1	2
291.619	C#	37	1	2
291.921	C#	37	1	2
292.037	C	36	0	2
292.246	F	41	5	2
292.316	F#	42	6	2
292.455	F#	42	6	2
292.966	A	117	9	8
292.989	C#	85	1	6
293.756	G	43	7	2
293.941	C#	49	1	3
294.058	C#	49	1	3
294.499	G	43	7	2
295.265	A	45	9	2
295.404	G#	44	8	2
295.985	F	41	5	2
296.008	G	43	7	2
296.728	D#	51	3	3
297.494	F	53	5	3
297.517	G	43	7	2
