time	chroma	timbre	dB
0.000	[0.169, 0.152, 0.179, 0.195, 0.224, 0.269, 0.261, 0.195, 0.207, 0.14, 0.938, 1.0]	[0.0, 171.13, 9.469, -28.48, 57.491, -50.067, 14.833, 5.359, -27.228, 0.973, -10.64, -7.228]	-60.000
1.178	[0.38, 0.146, 0.505, 0.047, 0.171, 1.0, 0.14, 0.058, 0.06, 0.933, 0.049, 0.036]	[21.205, -210.299, -97.347, -29.622, 90.371, -30.863, -0.809, 36.787, -23.898, 18.398, 12.423, -8.158]	-60.000
2.074	[0.391, 0.056, 0.313, 0.022, 0.08, 0.941, 0.089, 0.069, 0.032, 1.0, 0.019, 0.018]	[20.389, -202.869, -93.583, -66.55, 87.028, -41.573, 4.19, 15.721, -27.638, -1.343, -2.82, 3.723]	-42.899
2.904	[0.744, 0.039, 0.169, 0.014, 0.072, 1.0, 0.078, 0.077, 0.064, 0.435, 0.018, 0.02]	[21.643, -208.318, -63.424, -64.798, 90.062, -25.962, 12.581, 10.061, -32.594, 9.489, -2.383, -6.748]	-42.660
3.404	[0.279, 0.089, 0.392, 0.042, 0.067, 1.0, 0.107, 0.041, 0.023, 0.738, 0.027, 0.023]	[23.059, -210.399, -40.776, -36.241, 78.071, -54.555, 11.912, 21.295, -28.885, -13.824, 0.149, -9.771]	-39.693
3.778	[0.483, 0.049, 0.603, 0.027, 0.039, 1.0, 0.07, 0.086, 0.022, 0.299, 0.026, 0.039]	[23.732, -224.051, -57.107, -33.139, 79.108, -30.424, 6.681, 23.997, -31.957, 5.301, 5.958, -4.474]	-39.740
4.703	[0.43, 0.027, 0.036, 0.022, 0.066, 1.0, 0.064, 0.409, 0.038, 0.068, 0.023, 0.027]	[26.177, -220.712, -45.042, -37.547, 32.717, -15.937, 31.561, 21.241, -31.323, 6.028, 4.852, 0.114]	-41.155
5.684	[0.213, 0.022, 0.035, 0.019, 0.085, 1.0, 0.049, 0.55, 0.037, 0.034, 0.017, 0.012]	[23.477, -234.469, -103.872, -47.596, 52.859, -63.117, 14.624, 28.013, -24.003, -16.907, -9.55, -4.003]	-36.367
6.498	[0.121, 0.02, 0.021, 0.02, 0.109, 0.731, 0.067, 0.356, 0.063, 1.0, 0.025, 0.011]	[27.395, -192.768, -57.579, -9.423, 21.037, 15.687, 16.929, 15.216, -19.706, 16.021, 13.342, 11.347]	-41.070
7.396	[1.0, 0.046, 0.028, 0.01, 0.065, 0.854, 0.053, 0.362, 0.027, 0.42, 0.027, 0.037]	[30.837, -138.855, 7.558, 26.194, 14.196, -10.753, -24.378, -5.994, -13.623, 9.492, -19.116, -24.239]	-37.680
7.877	[0.374, 0.025, 0.022, 0.028, 1.0, 0.257, 0.032, 0.189, 0.025, 0.219, 0.016, 0.033]	[29.802, -138.986, -1.303, 28.282, 24.41, -7.124, -40.131, 1.993, -19.474, -16.426, -7.744, 15.636]	-36.502
8.307	[0.041, 0.053, 0.02, 0.022, 0.196, 0.04, 0.032, 0.042, 0.056, 1.0, 0.044, 0.02]	[21.99, -167.589, -36.713, -6.139, 45.159, -49.376, 7.222, 22.142, -43.309, -14.661, -13.361, 2.15]	-40.725
8.729	[0.008, 0.007, 0.006, 0.016, 1.0, 0.022, 0.007, 0.009, 0.027, 0.415, 0.013, 0.025]	[21.391, -209.746, -75.498, -69.075, 84.53, -42.602, 21.745, 9.999, -26.827, 4.423, 0.322, -6.962]	-42.424
9.162	[1.0, 0.044, 0.015, 0.016, 0.801, 0.021, 0.008, 0.089, 0.068, 0.885, 0.02, 0.038]	[22.99, -220.346, -56.703, -50.002, 81.744, -49.119, 13.577, 17.914, -26.851, -6.896, 3.015, -8.842]	-39.064
9.649	[0.163, 0.018, 0.009, 0.018, 1.0, 0.043, 0.013, 0.037, 0.041, 0.4, 0.014, 0.039]	[22.709, -184.663, -48.878, -25.996, 50.003, -54.028, 23.345, 23.103, -9.65, 1.099, -9.282, -13.644]	-38.920
10.077	[0.517, 0.048, 0.02, 0.056, 1.0, 0.121, 0.034, 0.077, 0.057, 0.499, 0.023, 0.044]	[23.039, -191.447, -48.212, -15.702, 58.142, -15.549, 21.599, 25.211, -33.091, 1.702, -2.84, 0.409]	-40.752
10.977	[0.066, 0.025, 0.023, 0.014, 0.526, 0.031, 0.023, 0.626, 0.094, 1.0, 0.031, 0.022]	[21.112, -206.83, -75.3, -20.576, 105.191, -40.193, -18.143, 40.944, -26.858, 1.054, -1.289, -5.664]	-42.559
11.893	[0.308, 0.034, 0.283, 0.016, 0.069, 0.825, 0.032, 0.043, 0.026, 0.079, 1.0, 0.045]	[21.164, -213.911, -95.767, -58.304, 90.494, -24.399, -0.206, 30.304, -30.559, 12.362, 0.658, 1.207]	-44.248
12.746	[0.504, 0.05, 0.174, 0.014, 0.03, 1.0, 0.03, 0.036, 0.043, 0.045, 0.651, 0.05]	[19.196, -187.652, -92.785, -11.258, 111.402, -51.439, -36.402, 56.281, -20.316, -11.042, -3.628, 4.245]	-43.279
13.637	[0.689, 0.157, 0.368, 0.057, 0.067, 1.0, 0.096, 0.116, 0.099, 0.125, 0.67, 0.087]	[15.661, -136.76, -76.303, -46.399, 123.208, -49.516, -26.93, 23.954, -17.143, 0.378, 12.866, 10.372]	-47.638
14.443	[0.325, 0.117, 0.214, 0.076, 0.116, 1.0, 0.151, 0.099, 0.086, 0.101, 0.212, 0.111]	[21.63, 79.6, -7.668, -63.59, 61.835, -5.534, -71.817, 0.195, 37.489, -14.134, 25.442, 13.969]	-46.496
14.565	[0.494, 0.134, 0.341, 0.129, 0.123, 1.0, 0.143, 0.13, 0.156, 0.201, 0.746, 0.187]	[23.549, 102.387, -20.502, -25.034, 51.766, -19.162, -78.119, -23.957, 5.827, 0.05, -16.626, 16.627]	-38.204
15.105	[0.48, 1.0, 0.547, 0.276, 0.644, 0.607, 0.461, 0.423, 0.586, 0.532, 0.719, 0.352]	[19.616, -94.582, -49.072, -95.987, 57.984, -30.487, -12.581, -20.231, -19.585, 14.872, 7.945, 25.842]	-44.801
15.197	[0.073, 0.256, 1.0, 0.278, 0.711, 0.837, 0.041, 0.016, 0.036, 0.352, 0.108, 0.053]	[33.415, -116.609, 22.536, -237.075, 62.996, 15.883, -14.45, 12.834, 4.902, 1.149, -15.853, 15.931]	-38.087
16.022	[0.107, 0.38, 1.0, 0.167, 0.028, 0.103, 0.032, 0.008, 0.011, 0.103, 0.018, 0.004]	[41.688, 3.586, -50.162, -76.174, 84.968, -9.685, -36.378, -37.782, 3.486, 67.685, -9.725, 26.491]	-23.057
16.189	[0.139, 0.134, 1.0, 0.146, 0.07, 0.518, 0.096, 0.039, 0.019, 0.149, 0.031, 0.023]	[42.387, -65.75, -53.107, -9.743, 60.457, -27.558, -24.845, -29.322, 14.684, -6.141, -28.32, 39.105]	-17.547
16.608	[0.239, 0.09, 0.452, 0.117, 0.172, 1.0, 0.101, 0.025, 0.015, 0.201, 0.015, 0.012]	[41.495, -76.711, -24.981, 3.733, 86.66, -8.408, -26.391, 6.93, 24.964, -10.341, -35.144, 37.06]	-23.814
17.032	[0.103, 0.111, 0.348, 0.27, 0.492, 1.0, 0.595, 0.153, 0.094, 0.172, 0.037, 0.061]	[41.351, -27.461, -1.921, -142.73, 44.141, 28.013, -7.287, 10.332, 49.797, 1.879, -3.175, 6.838]	-29.416
17.259	[0.063, 0.028, 0.123, 0.051, 1.0, 0.941, 0.144, 0.049, 0.034, 0.205, 0.021, 0.118]	[47.39, 16.537, 10.341, -25.331, 53.357, -36.037, 2.201, -13.001, 50.29, 12.076, -3.888, 23.501]	-15.080
17.636	[0.783, 0.091, 0.237, 0.134, 0.629, 1.0, 0.188, 0.175, 0.114, 0.661, 0.075, 0.12]	[43.023, -16.809, -31.119, 91.384, 58.719, -28.168, -22.893, -12.641, 41.687, -0.957, -54.185, 33.656]	-13.888
18.866	[0.243, 0.13, 0.019, 0.026, 0.258, 0.535, 1.0, 0.176, 0.058, 0.963, 0.369, 0.287]	[39.678, -30.114, -15.521, -194.118, 11.764, 45.092, -20.738, 35.112, 53.031, -5.612, 10.872, -7.12]	-33.273
19.145	[0.045, 0.022, 0.208, 0.405, 0.277, 0.095, 0.043, 0.039, 0.172, 1.0, 0.368, 0.011]	[47.447, 55.266, -26.534, -16.299, 29.166, -25.909, -62.984, -27.8, 55.888, 19.723, -13.963, -1.694]	-13.271
19.568	[0.045, 0.098, 1.0, 0.051, 0.137, 0.023, 0.164, 0.16, 0.416, 0.506, 0.251, 0.006]	[43.191, 25.335, -53.125, -37.256, 30.729, -30.772, -94.783, -23.698, 41.503, 31.908, 11.858, 12.085]	-24.599
19.735	[0.375, 0.134, 1.0, 0.06, 0.222, 0.106, 0.093, 0.688, 0.17, 0.283, 0.126, 0.055]	[41.457, -39.004, -62.063, -5.378, 27.069, -29.344, -61.182, -43.157, 28.348, 12.124, -7.487, 14.594]	-18.411
19.981	[0.056, 0.029, 0.662, 1.0, 0.057, 0.019, 0.021, 0.233, 0.068, 0.142, 0.054, 0.036]	[38.683, -104.292, -48.39, -59.414, 45.008, -30.106, -55.123, -48.033, 20.916, 5.647, -16.778, 22.989]	-23.353
20.185	[0.129, 0.016, 0.273, 0.053, 0.203, 1.0, 0.042, 0.116, 0.025, 0.186, 0.033, 0.015]	[43.449, -55.383, -29.21, -15.337, 79.712, 28.262, -42.807, -5.265, 34.482, -37.901, -3.746, 22.057]	-22.239
20.486	[0.25, 0.113, 0.637, 0.161, 0.177, 0.482, 0.479, 0.531, 0.744, 1.0, 0.634, 0.055]	[35.442, 55.464, -61.088, -138.091, 78.073, -21.865, -50.521, 67.786, 5.645, -52.725, 9.715, -7.511]	-31.349
20.614	[0.223, 0.06, 0.238, 0.523, 0.092, 0.305, 0.485, 0.113, 0.066, 0.222, 0.609, 1.0]	[41.218, 75.158, -85.71, -91.306, 44.236, -25.309, -42.346, -73.259, 5.154, 45.285, -29.308, -0.94]	-21.236
20.881	[0.054, 0.006, 0.017, 0.018, 0.249, 0.031, 0.018, 0.016, 0.016, 0.16, 1.0, 0.03]	[43.714, 44.655, -67.355, -52.634, 0.822, -15.248, -88.982, -24.005, 58.549, 7.915, -14.176, -4.236]	-18.517
21.543	[0.066, 0.017, 0.347, 0.017, 0.047, 0.326, 0.048, 0.049, 0.028, 0.251, 1.0, 0.029]	[35.548, -71.586, -71.042, -2.027, 39.903, -25.645, -74.446, -5.237, 28.788, -19.777, -26.568, 15.182]	-24.297
22.384	[0.13, 0.742, 1.0, 0.482, 0.342, 0.175, 0.053, 0.035, 0.174, 0.482, 0.174, 0.102]	[35.953, -65.272, -31.475, -204.554, 48.772, -29.056, -23.321, 12.588, 29.379, 33.764, 38.839, -1.532]	-31.988
22.617	[0.039, 0.142, 1.0, 0.294, 0.62, 0.496, 0.037, 0.023, 0.013, 0.141, 0.048, 0.011]	[45.533, 12.338, -49.483, -22.227, 20.51, -15.293, -92.056, -28.452, 37.202, 2.784, -28.095, -2.491]	-14.034
23.290	[0.655, 0.629, 1.0, 0.142, 0.21, 0.999, 0.137, 0.144, 0.173, 0.854, 0.146, 0.064]	[45.74, -19.323, 5.85, -67.189, 51.268, -17.83, -39.208, 47.786, 54.474, -6.845, 17.464, -12.937]	-20.805
23.445	[0.24, 0.175, 1.0, 0.126, 0.032, 0.559, 0.076, 0.048, 0.028, 0.273, 0.031, 0.023]	[46.894, 41.279, 2.388, -36.86, 46.286, -22.059, -44.543, -31.247, 49.21, 10.141, -16.671, 5.208]	-14.276
23.749	[0.194, 0.172, 0.434, 0.061, 0.056, 1.0, 0.111, 0.059, 0.045, 0.209, 0.048, 0.022]	[43.565, 41.435, 12.925, -69.47, 30.33, 12.198, -70.017, 3.153, 40.029, -34.661, 13.451, -0.88]	-22.307
23.974	[0.058, 0.042, 0.104, 0.113, 0.616, 1.0, 0.389, 0.222, 0.035, 0.038, 0.035, 0.075]	[46.556, -15.855, 15.627, -11.426, 66.502, -35.594, -29.743, -22.474, 32.743, 32.589, -8.119, 18.262]	-18.574
24.545	[0.346, 0.031, 0.129, 0.356, 1.0, 0.604, 0.072, 0.225, 0.013, 0.029, 0.028, 0.182]	[44.542, -53.155, 8.797, 12.856, 79.334, -31.553, 1.055, -8.656, 24.693, 13.324, -27.591, 29.4]	-15.883
25.014	[0.416, 0.467, 0.236, 0.059, 0.131, 1.0, 0.27, 0.145, 0.203, 0.139, 0.033, 0.055]	[43.044, -35.119, -28.918, -45.534, 55.576, 30.286, -10.78, 10.932, 49.862, -24.131, -27.033, 23.24]	-21.818
25.477	[1.0, 0.309, 0.065, 0.049, 0.087, 0.867, 0.11, 0.189, 0.047, 0.092, 0.081, 0.231]	[34.938, -70.237, -37.46, -13.406, 43.603, -38.876, -54.066, -17.502, 16.648, -5.629, -25.189, 13.582]	-28.328
25.668	[0.257, 0.271, 0.608, 1.0, 0.263, 0.151, 0.07, 0.153, 0.077, 0.129, 0.289, 0.224]	[36.692, -54.932, -23.53, -97.167, 76.21, -7.677, -10.534, -13.257, 5.135, -9.767, -16.37, 9.492]	-28.758
26.326	[0.067, 0.028, 0.266, 1.0, 0.092, 0.052, 0.039, 0.206, 0.518, 0.358, 0.241, 0.021]	[33.688, -97.109, -80.314, -67.563, 41.497, -35.447, -10.867, 30.791, 15.432, -1.999, -19.216, 20.825]	-28.399
26.803	[0.102, 0.02, 0.047, 1.0, 0.124, 0.146, 0.046, 0.122, 0.129, 0.241, 0.187, 0.176]	[33.892, -114.499, -104.88, -53.752, 38.032, 49.48, -17.989, -16.581, 23.238, -31.99, -27.5, 3.985]	-32.723
27.381	[0.031, 0.009, 0.145, 1.0, 0.161, 0.099, 0.044, 0.144, 0.018, 0.037, 0.073, 0.014]	[28.444, -119.148, -105.743, -15.545, 24.178, -63.83, -25.544, -23.266, 9.661, 8.237, -10.332, 3.676]	-32.752
27.754	[0.151, 0.019, 0.024, 1.0, 0.168, 0.174, 0.057, 0.507, 0.092, 0.036, 0.152, 0.021]	[24.349, -142.826, -60.892, -49.007, -4.392, -34.277, -18.91, -9.72, -9.012, 3.834, 0.63, -6.367]	-37.116
28.113	[0.116, 0.03, 0.461, 1.0, 0.143, 0.083, 0.041, 0.054, 0.011, 0.094, 0.664, 0.257]	[24.389, -139.207, -72.714, -40.109, 8.133, -24.504, -17.982, -14.442, 12.902, 9.996, -23.171, 8.051]	-36.962
28.588	[0.3, 0.073, 0.3, 1.0, 0.384, 0.028, 0.031, 0.058, 0.019, 0.037, 0.115, 0.336]	[25.214, -193.233, -114.561, -52.899, -3.55, -21.488, -0.071, 6.66, -2.185, 21.427, -12.045, -7.663]	-37.991
28.810	[0.041, 0.01, 0.026, 1.0, 0.28, 0.02, 0.012, 0.036, 0.01, 0.01, 0.059, 0.038]	[26.446, -110.019, -97.789, -136.43, -1.182, -46.486, -32.112, 57.652, 40.301, 0.961, 20.419, -1.735]	-36.769
29.117	[0.023, 0.02, 0.232, 1.0, 0.395, 0.035, 0.024, 0.114, 0.018, 0.008, 0.046, 0.019]	[29.768, 34.508, -111.328, -43.035, -9.652, -33.66, -36.027, -35.053, 21.66, 1.995, -31.615, -0.471]	-31.072
29.352	[0.371, 1.0, 0.9, 0.967, 0.603, 0.593, 0.091, 0.117, 0.05, 0.047, 0.316, 0.319]	[31.185, 37.147, -86.415, -114.534, 4.428, -14.797, -62.82, 14.717, 57.097, 6.74, 21.292, 2.045]	-35.493
29.431	[0.101, 0.263, 1.0, 0.197, 0.293, 0.809, 0.091, 0.014, 0.028, 0.362, 0.138, 0.049]	[38.291, 57.874, -58.1, -124.566, 22.949, 7.898, -51.045, -126.534, 25.457, 33.497, -31.201, 10.038]	-26.901
29.919	[0.141, 0.385, 0.534, 1.0, 0.389, 0.168, 0.036, 0.023, 0.078, 0.175, 0.044, 0.034]	[41.195, -58.387, -73.629, -64.143, 93.657, -35.046, -61.018, 13.655, 40.155, -11.571, 1.86, 31.112]	-19.953
30.117	[0.178, 0.136, 1.0, 0.163, 0.142, 0.576, 0.159, 0.075, 0.041, 0.339, 0.042, 0.034]	[42.898, -28.612, -30.05, -98.989, 80.633, -25.584, -33.499, 9.208, 31.402, 4.825, -7.174, 31.092]	-20.793
30.778	[0.481, 1.0, 0.829, 0.344, 0.262, 0.68, 0.279, 0.146, 0.125, 0.32, 0.239, 0.198]	[42.596, 1.102, -34.063, -56.747, 21.293, -16.779, -50.602, -20.495, 37.474, 5.533, 22.984, 8.673]	-22.287
30.849	[0.262, 0.228, 0.981, 0.112, 0.371, 1.0, 0.069, 0.044, 0.059, 0.712, 0.111, 0.041]	[44.998, -26.437, -6.389, -18.816, 67.484, -27.0, -26.657, -9.02, 39.919, 18.908, -22.932, 18.562]	-17.106
31.081	[0.184, 0.316, 1.0, 0.083, 0.058, 0.158, 0.063, 0.038, 0.031, 0.637, 0.05, 0.031]	[42.318, 45.614, -23.943, -96.524, 56.566, 16.443, -37.223, 58.297, 40.572, -64.332, 9.234, 5.804]	-25.252
31.265	[0.108, 0.028, 0.117, 0.069, 0.576, 1.0, 0.131, 0.206, 0.026, 0.038, 0.024, 0.088]	[46.033, 10.802, -12.333, -36.415, 38.195, -24.073, -3.981, -15.995, 39.431, 42.675, 4.908, 4.762]	-20.844
31.812	[0.437, 0.074, 0.047, 0.074, 1.0, 0.526, 0.052, 0.27, 0.045, 0.046, 0.028, 0.325]	[46.962, 25.105, 46.602, -26.33, 62.046, -41.265, 2.405, 4.551, 41.145, 9.705, 0.86, 30.349]	-15.681
32.067	[0.263, 0.039, 0.046, 0.033, 0.458, 1.0, 0.259, 0.397, 0.071, 0.096, 0.052, 0.092]	[45.613, -18.78, -33.823, 24.333, 41.935, -33.094, -16.753, -13.029, 39.021, 18.913, -41.706, 37.416]	-13.623
32.388	[0.686, 0.104, 0.235, 0.049, 0.261, 0.839, 0.299, 1.0, 0.082, 0.112, 0.041, 0.097]	[36.33, -11.353, -46.06, -81.958, 55.578, -16.863, -28.13, 50.227, 35.514, -54.887, 0.246, 22.962]	-26.770
32.652	[0.393, 0.054, 0.113, 0.04, 0.178, 1.0, 0.331, 0.724, 0.06, 0.394, 0.03, 0.052]	[31.502, -58.556, -49.516, -43.095, 32.12, -32.412, -24.945, -1.385, 26.947, -13.141, -7.896, 21.112]	-29.226
33.025	[0.114, 0.02, 0.007, 0.007, 0.144, 0.345, 0.083, 0.056, 0.146, 1.0, 0.53, 0.049]	[43.478, -65.528, 32.724, -114.749, 57.222, 58.367, 44.517, 34.666, 37.963, 8.788, 31.355, 2.952]	-33.181
33.436	[0.085, 0.038, 0.078, 1.0, 0.736, 0.138, 0.044, 0.062, 0.104, 0.586, 0.164, 0.183]	[46.586, -37.683, 3.456, 57.89, 70.063, -23.59, -9.207, -18.106, 36.31, -14.055, -47.145, 31.271]	-12.141
33.715	[0.11, 0.063, 1.0, 0.237, 0.127, 0.095, 0.203, 0.201, 0.397, 0.529, 0.308, 0.019]	[40.936, -83.23, 18.314, -100.233, 78.341, -35.862, -17.625, 24.337, 32.871, 2.391, 15.842, 25.999]	-24.682
33.854	[0.197, 0.065, 0.807, 0.085, 0.265, 0.161, 0.061, 0.291, 0.297, 1.0, 0.083, 0.055]	[44.979, -29.381, -6.165, -30.236, 70.697, -35.282, -9.034, -1.652, 37.392, 17.703, -12.203, 36.308]	-16.153
34.186	[0.755, 0.086, 0.585, 0.185, 0.87, 0.106, 0.11, 0.317, 0.179, 1.0, 0.178, 0.148]	[41.128, 66.181, -97.037, -12.862, 84.939, -22.594, -32.699, -49.103, 19.936, -18.148, -30.392, 15.867]	-20.148
34.399	[0.376, 0.076, 0.499, 0.162, 0.88, 1.0, 0.25, 0.185, 0.106, 0.847, 0.123, 0.067]	[38.631, 1.972, -61.726, 21.688, 37.963, -26.004, -76.841, -31.903, 26.461, -0.436, -16.778, 9.836]	-24.820
34.725	[0.882, 0.476, 0.301, 0.269, 0.623, 0.385, 0.601, 0.617, 0.848, 1.0, 0.864, 0.117]	[32.847, -11.237, -48.89, -21.182, 11.746, -56.841, -34.494, -16.059, -20.983, -9.086, -4.924, -9.576]	-27.380
34.822	[0.448, 0.032, 0.117, 0.747, 0.158, 0.191, 0.186, 0.086, 0.041, 0.047, 0.164, 1.0]	[41.183, -59.949, -56.31, -97.268, 24.383, 29.374, -38.123, 6.848, 41.789, 16.377, 12.478, -1.542]	-29.304
35.028	[0.132, 0.019, 0.126, 0.048, 0.871, 0.093, 0.025, 0.034, 0.038, 0.05, 0.189, 1.0]	[43.19, -26.617, -57.47, -57.928, 9.234, -34.482, -79.73, -14.59, 53.245, 1.754, 4.142, -3.993]	-18.276
35.305	[0.086, 0.074, 0.667, 0.246, 0.838, 0.501, 0.378, 0.197, 0.162, 0.452, 1.0, 0.109]	[41.053, -28.929, -84.095, 22.374, 28.096, -4.738, -86.485, -58.379, 41.09, 4.209, -60.064, 15.293]	-18.281
36.548	[0.105, 0.344, 1.0, 0.08, 0.043, 0.504, 0.07, 0.03, 0.056, 0.513, 0.181, 0.052]	[39.32, -66.798, -8.513, -175.204, 54.8, 2.872, -42.739, 56.277, 34.507, 0.63, 52.951, -5.497]	-35.481
36.954	[0.082, 0.492, 1.0, 0.425, 0.575, 0.288, 0.071, 0.027, 0.026, 0.231, 0.046, 0.023]	[46.223, 67.237, -57.95, -21.321, 23.83, -12.665, -107.565, -23.008, 48.22, 12.92, -31.525, 6.652]	-14.114
37.291	[0.219, 1.0, 0.251, 0.106, 0.079, 0.434, 0.077, 0.032, 0.022, 0.269, 0.067, 0.042]	[40.08, 143.226, -125.946, -69.251, 117.955, -59.993, -32.111, -10.85, -27.782, 6.829, -15.102, -4.849]	-21.273
37.471	[0.129, 0.161, 1.0, 0.059, 0.067, 0.634, 0.091, 0.032, 0.029, 0.358, 0.015, 0.022]	[42.732, -35.768, -16.614, -69.001, 31.559, -12.47, -36.951, 3.242, 6.42, 28.723, 0.598, -1.445]	-22.170
37.761	[0.138, 0.344, 1.0, 0.221, 0.057, 0.353, 0.067, 0.017, 0.028, 0.273, 0.038, 0.016]	[43.618, -22.883, -16.846, -40.863, 34.329, -25.79, -67.539, 16.0, 43.529, 13.143, -11.591, -1.19]	-17.293
37.907	[0.058, 0.142, 0.371, 0.055, 0.058, 1.0, 0.059, 0.021, 0.028, 0.404, 0.032, 0.012]	[43.76, 2.82, -10.574, -51.655, 38.168, -15.276, -70.747, -39.231, 42.711, -0.348, 1.0, 4.787]	-19.774
38.157	[0.436, 0.516, 1.0, 0.752, 0.077, 0.313, 0.041, 0.035, 0.101, 0.668, 0.206, 0.186]	[44.238, -50.065, 19.648, -3.365, 71.699, -38.062, -18.696, -10.283, 11.046, 32.751, 9.285, 9.167]	-19.903
38.302	[0.192, 0.06, 0.069, 0.052, 0.51, 1.0, 0.398, 0.118, 0.043, 0.038, 0.013, 0.069]	[44.533, -84.925, 30.124, -15.405, 54.905, -46.705, 30.753, -7.126, 2.077, 17.953, -6.451, 16.582]	-17.178
38.591	[0.486, 0.035, 0.042, 0.087, 1.0, 0.868, 0.098, 0.246, 0.028, 0.063, 0.04, 0.234]	[45.027, -76.953, 55.44, -35.837, 50.603, -35.681, 36.581, 15.229, 15.362, -11.246, 7.367, 10.399]	-17.255
39.218	[1.0, 0.537, 0.516, 0.408, 0.158, 0.461, 0.105, 0.461, 0.113, 0.266, 0.027, 0.033]	[42.075, -55.611, -47.124, 22.334, 54.414, 6.285, -42.606, -33.883, 27.976, -3.696, -26.085, 13.308]	-24.249
39.671	[1.0, 0.18, 0.03, 0.036, 0.036, 0.35, 0.021, 0.192, 0.026, 0.071, 0.006, 0.017]	[37.687, -45.488, -44.297, -94.231, 18.416, -6.726, -68.028, 13.384, 46.926, -6.401, 15.556, 12.438]	-27.658
39.957	[0.196, 0.086, 1.0, 0.182, 0.057, 0.381, 0.072, 0.237, 0.029, 0.233, 0.027, 0.025]	[43.529, -10.0, -1.193, -30.839, 52.423, -33.633, -49.549, -8.179, 24.169, 7.167, 8.004, 0.817]	-20.956
40.124	[0.098, 0.07, 0.875, 1.0, 0.089, 0.045, 0.031, 0.197, 0.03, 0.088, 0.372, 0.128]	[43.963, -23.548, -40.85, -30.552, 36.078, -37.252, -15.756, -5.049, 32.45, 8.15, -13.771, 17.122]	-17.632
40.526	[0.048, 0.186, 1.0, 0.732, 0.061, 0.036, 0.016, 0.178, 0.011, 0.071, 0.159, 0.029]	[39.184, -58.015, -42.322, -21.322, 30.623, -29.974, -45.715, -5.448, 10.154, -13.652, -14.408, 5.611]	-21.143
40.972	[0.047, 0.019, 0.21, 1.0, 0.042, 0.096, 0.025, 0.232, 0.032, 0.02, 0.111, 0.096]	[32.876, -164.0, -94.085, -11.162, 30.209, -29.983, -38.694, -6.572, 13.032, 0.416, -31.575, 14.893]	-27.659
41.711	[0.04, 0.023, 0.216, 1.0, 0.116, 0.212, 0.056, 0.244, 0.028, 0.043, 0.178, 0.031]	[27.661, -151.554, -73.088, -8.97, 9.898, -20.891, -11.308, -15.987, -0.48, -13.955, -13.747, 4.996]	-34.212
42.106	[0.254, 1.0, 0.145, 0.431, 0.115, 0.4, 0.111, 0.397, 0.113, 0.106, 0.266, 0.15]	[24.122, -126.866, -49.857, -91.517, 34.381, -47.935, -5.557, 42.789, 1.031, -13.251, 18.756, 6.119]	-37.739
42.261	[0.105, 0.035, 0.375, 1.0, 0.199, 0.146, 0.067, 0.13, 0.019, 0.095, 0.556, 0.24]	[29.776, -40.62, -74.349, -84.537, 28.6, -8.586, -5.259, -51.354, 14.899, -0.855, -26.653, 16.87]	-33.695
42.714	[0.15, 0.523, 0.147, 0.128, 0.121, 0.341, 0.446, 1.0, 0.128, 0.098, 0.128, 0.061]	[38.754, -41.295, -31.55, -101.638, 36.658, 22.588, -18.765, -40.007, 7.739, 20.454, -29.103, 5.789]	-34.235
42.897	[0.368, 0.705, 0.211, 0.224, 0.122, 0.259, 0.213, 1.0, 0.157, 0.048, 0.114, 0.107]	[43.335, 81.208, -73.944, -49.289, 68.522, -13.131, -23.319, -15.767, 35.067, -35.989, 4.163, 8.942]	-24.042
43.055	[0.159, 0.203, 0.08, 0.216, 0.245, 1.0, 0.137, 0.519, 0.071, 0.019, 0.041, 0.041]	[47.145, -4.662, 5.463, -38.269, 58.104, -15.416, -36.709, -17.155, 29.621, 36.226, -2.353, 4.91]	-20.921
43.229	[0.535, 0.217, 0.451, 1.0, 0.412, 0.36, 0.06, 0.251, 0.058, 0.067, 0.415, 0.661]	[44.854, -48.02, -24.349, 62.833, 66.749, -30.49, -26.164, -10.972, 17.594, -6.082, -48.213, 47.126]	-13.956
43.626	[0.12, 0.17, 1.0, 0.051, 0.059, 0.491, 0.038, 0.018, 0.02, 0.256, 0.085, 0.03]	[45.802, -23.406, 4.656, -23.871, 72.074, -2.307, -20.035, 5.905, 47.743, 17.795, 1.836, 7.269]	-23.650
44.315	[0.537, 1.0, 0.272, 0.118, 0.21, 0.394, 0.098, 0.032, 0.042, 0.219, 0.076, 0.055]	[35.801, -47.591, -12.273, -18.673, 35.707, -32.544, -10.621, -10.347, 37.079, 14.641, -16.966, -6.105]	-27.121
44.456	[0.868, 1.0, 0.85, 0.855, 0.39, 0.57, 0.272, 0.211, 0.488, 0.506, 0.792, 0.597]	[37.874, 98.332, -92.53, -57.35, 98.74, -22.914, -24.404, -32.954, 35.201, -33.967, 6.063, -7.07]	-26.962
44.548	[0.185, 0.077, 0.495, 0.033, 0.058, 1.0, 0.059, 0.025, 0.009, 0.227, 0.013, 0.013]	[42.137, -20.709, -41.076, -2.361, 27.503, -14.189, -75.576, -39.73, 13.667, 27.99, -31.807, 13.566]	-23.670
45.136	[0.724, 0.964, 1.0, 0.382, 0.265, 0.883, 0.357, 0.283, 0.383, 0.786, 0.415, 0.138]	[35.128, -81.618, -46.693, -58.942, 21.097, -10.068, -33.976, -2.886, 33.289, -21.79, -5.01, 9.571]	-27.947
45.250	[0.118, 0.333, 1.0, 0.076, 0.049, 0.168, 0.05, 0.02, 0.054, 0.325, 0.033, 0.014]	[39.364, -78.789, -10.989, -46.01, 61.969, -46.876, -10.575, -4.124, 14.768, 9.75, 9.898, 31.748]	-26.862
45.458	[0.139, 0.112, 0.421, 0.163, 0.618, 1.0, 0.293, 0.325, 0.036, 0.097, 0.016, 0.032]	[41.764, -72.658, -48.777, -44.41, 47.726, -40.89, 13.307, 28.748, 34.367, -0.231, -19.684, 32.062]	-20.001
45.655	[0.135, 0.042, 0.067, 0.09, 0.494, 1.0, 0.205, 0.251, 0.025, 0.045, 0.009, 0.029]	[39.213, 18.639, -90.289, -50.753, 57.726, -54.85, -48.798, 28.573, 46.344, -12.788, -9.862, 20.02]	-24.859
45.876	[0.234, 0.032, 0.028, 0.037, 0.306, 1.0, 0.17, 0.243, 0.066, 0.089, 0.026, 0.03]	[40.418, -88.574, -19.876, -96.611, 84.44, 53.168, -13.882, 19.85, 40.229, -33.479, -31.325, 14.263]	-28.412
46.611	[0.349, 0.023, 0.059, 0.047, 0.128, 1.0, 0.112, 0.833, 0.081, 0.104, 0.041, 0.027]	[33.851, -55.581, -79.168, -14.877, 42.797, -57.177, -33.923, -21.423, 27.353, 9.295, -14.351, 22.116]	-26.271
47.137	[0.149, 0.087, 0.062, 0.21, 0.478, 0.899, 0.593, 0.124, 0.096, 1.0, 0.286, 0.161]	[36.483, -57.552, 2.178, -232.68, 22.704, -3.68, -38.765, 42.563, 43.992, -4.348, 14.107, 0.049]	-33.740
47.468	[0.135, 0.046, 0.004, 0.018, 0.075, 0.542, 0.498, 0.336, 0.949, 1.0, 0.667, 0.006]	[45.04, -10.303, -10.626, -20.903, 36.194, -12.064, -29.611, -31.195, 27.821, 17.002, -26.066, -2.419]	-16.618
47.630	[0.085, 0.022, 0.011, 0.047, 0.284, 1.0, 0.065, 0.04, 0.065, 0.262, 0.097, 0.113]	[44.15, -59.794, 20.148, -18.756, 71.576, -35.409, -10.73, -5.249, 41.659, 8.185, -3.366, 4.416]	-19.319
47.835	[0.082, 0.101, 0.926, 0.085, 0.251, 0.173, 0.109, 0.34, 0.273, 1.0, 0.144, 0.049]	[44.939, -66.081, 16.285, -56.724, 68.018, -23.429, -21.531, 27.76, 33.377, -7.687, -3.452, 13.25]	-18.418
48.273	[0.135, 0.052, 0.29, 0.13, 0.265, 0.515, 0.747, 0.808, 0.628, 1.0, 0.408, 0.034]	[39.751, -68.263, -61.896, 15.581, 32.846, 7.217, -54.771, 2.056, 23.886, -35.114, -13.559, 9.674]	-22.276
48.452	[0.379, 0.099, 0.623, 0.11, 0.23, 0.234, 0.544, 0.96, 0.792, 1.0, 0.593, 0.097]	[37.659, -19.577, -35.276, -46.365, 12.176, -20.804, -31.571, -1.218, -6.911, -22.002, 17.582, -24.341]	-26.737
48.571	[0.147, 0.044, 0.248, 0.057, 0.069, 0.053, 0.183, 1.0, 0.791, 0.345, 0.211, 0.024]	[46.157, -27.854, 52.673, 7.753, 90.291, -30.77, 1.729, -19.82, 26.986, 26.15, -4.967, 27.932]	-23.537
48.692	[0.121, 0.049, 0.082, 0.04, 0.139, 0.251, 0.294, 0.354, 0.397, 1.0, 0.945, 0.452]	[45.4, -15.192, 56.243, 12.326, 94.427, -15.114, 14.116, 19.692, 25.025, -7.401, -41.756, 29.332]	-16.241
49.211	[0.134, 0.03, 0.071, 0.017, 0.11, 0.977, 0.247, 0.059, 0.039, 0.084, 0.186, 1.0]	[43.86, 11.743, -38.866, -24.994, 52.204, 26.81, 8.546, -14.764, 40.748, 28.676, -62.289, 12.18]	-19.886
49.496	[0.111, 0.09, 0.752, 0.098, 0.067, 0.515, 0.419, 0.929, 0.205, 0.463, 1.0, 0.073]	[41.846, -4.712, -4.562, -67.287, 42.412, 57.468, -16.595, -14.448, 45.954, -3.304, -37.877, 10.277]	-27.354
50.277	[0.131, 0.028, 1.0, 0.025, 0.019, 0.331, 0.044, 0.115, 0.036, 0.038, 0.402, 0.055]	[35.172, -96.811, -48.681, -38.996, 32.294, -41.945, -70.91, -0.523, 14.907, -8.331, -16.26, 16.104]	-25.672
50.625	[0.181, 0.134, 1.0, 0.061, 0.033, 0.242, 0.203, 0.16, 0.366, 0.395, 0.689, 0.073]	[37.422, 98.308, -124.914, -92.61, 119.018, -23.205, -39.588, -3.294, 2.179, -41.708, -4.389, 3.459]	-30.284
50.775	[0.123, 0.264, 0.917, 0.045, 0.037, 0.235, 0.036, 0.02, 0.072, 1.0, 0.233, 0.032]	[47.253, 40.517, 14.203, -49.824, 27.388, 11.984, 1.967, -25.932, 16.337, 71.194, -39.785, 16.838]	-24.945
51.211	[0.17, 0.683, 0.836, 0.231, 0.124, 0.303, 0.06, 0.048, 0.147, 1.0, 0.096, 0.03]	[46.526, -28.774, 37.273, -5.265, 60.837, -33.06, -12.021, 16.423, 22.098, 11.822, 5.729, 11.889]	-23.049
51.425	[0.081, 0.343, 0.422, 0.1, 0.074, 0.222, 0.035, 0.019, 0.203, 1.0, 0.072, 0.013]	[47.928, -19.78, 86.29, 5.093, 76.673, -28.882, 28.824, 1.036, 24.305, 6.822, 0.972, 14.605]	-17.841
51.653	[0.613, 0.612, 0.869, 0.16, 0.359, 0.522, 0.358, 0.233, 0.19, 1.0, 0.143, 0.156]	[49.252, -39.11, 65.245, -0.404, 58.724, -38.921, 32.857, -9.429, 3.896, -0.729, 6.689, 24.95]	-12.758
51.763	[0.367, 0.201, 0.998, 0.045, 0.23, 0.65, 0.083, 0.059, 0.116, 1.0, 0.045, 0.042]	[50.106, -25.758, 62.432, 17.681, 54.205, -40.473, 31.552, 3.626, 8.757, -0.941, -1.242, 25.854]	-10.572
52.094	[0.108, 0.15, 0.458, 0.064, 0.092, 0.237, 0.05, 0.03, 0.157, 1.0, 0.08, 0.017]	[46.313, -19.805, 49.837, 12.953, 73.563, -21.523, 23.277, -3.473, 30.797, 7.598, -33.606, 36.066]	-16.170
52.321	[0.187, 0.23, 0.348, 0.056, 0.045, 0.269, 0.083, 1.0, 0.078, 0.599, 0.08, 0.033]	[49.311, -13.833, 67.75, 2.375, 82.926, -25.784, 3.307, 2.943, 25.818, 11.55, 20.873, 10.967]	-22.862
52.459	[0.138, 0.039, 0.173, 0.049, 0.474, 1.0, 0.377, 0.62, 0.071, 0.067, 0.028, 0.025]	[49.33, -3.214, 73.068, 21.198, 64.646, -35.57, 27.846, -6.296, 16.153, -2.332, -11.208, 20.357]	-11.188
52.930	[0.376, 0.026, 0.05, 0.011, 0.13, 0.385, 0.123, 1.0, 0.037, 0.037, 0.017, 0.029]	[44.058, -86.586, 11.904, 33.273, 78.527, -14.379, -9.475, 2.505, 27.334, 2.412, -24.089, 19.105]	-19.661
53.372	[0.122, 0.019, 0.039, 0.01, 0.034, 0.376, 0.28, 1.0, 0.052, 0.047, 0.019, 0.024]	[46.044, -52.063, -6.483, 1.955, 56.806, 41.226, -0.124, 19.596, 45.674, 5.57, -35.389, 12.337]	-24.237
53.730	[0.169, 0.121, 0.428, 0.184, 0.237, 1.0, 0.409, 0.316, 0.059, 0.026, 0.02, 0.05]	[36.862, -94.461, -26.948, -39.081, 36.272, -41.798, -14.808, -3.175, 30.314, 7.282, 5.19, 16.391]	-25.233
53.836	[0.808, 0.154, 0.197, 0.155, 0.25, 0.91, 0.946, 1.0, 0.042, 0.079, 0.075, 0.073]	[43.374, -27.501, 12.59, -24.971, 47.752, 33.737, -27.28, 21.602, 12.367, -11.425, -11.972, -4.584]	-23.825
54.266	[0.284, 0.028, 0.145, 1.0, 0.187, 0.835, 0.044, 0.194, 0.024, 0.045, 0.232, 0.091]	[45.682, -11.416, 11.452, -33.9, 45.465, 21.77, 3.756, -30.958, 3.09, 7.686, -19.966, 27.674]	-22.876
55.163	[0.25, 0.189, 0.768, 0.518, 0.112, 0.227, 0.098, 1.0, 0.167, 0.189, 0.217, 0.055]	[43.514, -40.338, -12.22, -58.56, 33.06, 11.03, -21.51, 10.134, 39.495, -35.729, 6.202, 24.272]	-22.152
55.478	[0.83, 0.818, 0.545, 0.966, 0.552, 1.0, 0.235, 0.946, 0.27, 0.085, 0.409, 0.355]	[34.966, -109.471, -13.582, -47.727, 52.253, -31.955, -24.06, -5.943, 27.007, -2.917, 4.281, 27.152]	-28.011
55.589	[0.188, 0.087, 0.487, 1.0, 0.306, 0.04, 0.02, 0.196, 0.021, 0.016, 0.071, 0.199]	[39.352, -31.662, -68.288, -72.124, 37.673, -30.976, -31.355, -41.277, 18.854, 7.844, -22.203, 22.886]	-25.545
55.854	[0.055, 0.067, 0.586, 1.0, 0.034, 0.055, 0.028, 0.285, 0.028, 0.023, 0.061, 0.023]	[39.696, -48.027, -101.838, -14.587, 33.979, -15.581, -57.399, -46.553, 45.439, -24.413, -20.071, 17.197]	-22.922
56.459	[0.733, 1.0, 0.202, 0.114, 0.054, 0.116, 0.188, 0.396, 0.229, 0.16, 0.403, 0.195]	[34.075, -141.86, -86.23, -46.698, 35.069, -33.564, -37.144, 5.54, 15.555, -0.635, -6.609, 15.231]	-27.890
56.587	[0.057, 0.039, 0.185, 1.0, 0.173, 0.074, 0.041, 0.155, 0.01, 0.026, 0.259, 0.073]	[33.298, -43.995, -111.674, -42.318, 9.11, -18.696, -36.053, -12.786, 35.981, -18.818, -27.369, 3.615]	-29.358
56.929	[0.2, 0.157, 0.136, 1.0, 0.167, 0.123, 0.724, 0.651, 0.117, 0.053, 0.253, 0.059]	[39.156, -49.19, -17.144, -41.31, 55.549, 113.472, 21.419, 37.562, 28.522, -10.069, -24.495, -7.333]	-34.920
57.289	[0.278, 0.297, 0.607, 1.0, 0.775, 0.694, 0.157, 0.744, 0.044, 0.068, 0.351, 0.184]	[42.673, 38.489, -20.355, -37.485, 34.313, 40.847, -59.633, -21.093, 44.595, -19.135, -8.705, -6.333]	-26.069
57.800	[0.099, 0.224, 1.0, 0.088, 0.102, 0.697, 0.061, 0.023, 0.022, 0.348, 0.112, 0.032]	[39.697, -5.168, -16.889, -139.933, 5.332, 1.07, -43.091, 14.906, 23.932, 27.039, -18.802, 3.506]	-26.355
58.290	[0.176, 0.712, 0.895, 0.262, 0.444, 1.0, 0.076, 0.035, 0.039, 0.289, 0.085, 0.039]	[43.182, -17.647, -26.701, -57.542, 55.007, 2.686, -31.962, -23.333, 38.262, 14.201, -23.154, 12.928]	-21.911
58.502	[0.172, 0.13, 0.712, 0.085, 0.187, 1.0, 0.318, 0.156, 0.045, 0.185, 0.034, 0.029]	[43.567, -50.113, -10.852, -2.753, 55.17, 11.968, -20.638, -17.407, 23.784, -15.84, -19.18, 13.851]	-21.728
59.095	[0.065, 0.097, 1.0, 0.08, 0.041, 0.168, 0.043, 0.015, 0.014, 0.13, 0.016, 0.01]	[39.071, -80.961, -52.288, -55.49, 29.766, -8.419, -59.871, 45.198, 29.073, -28.483, -19.277, 13.891]	-23.129
59.567	[0.085, 0.023, 0.069, 0.023, 0.345, 1.0, 0.261, 0.16, 0.042, 0.04, 0.017, 0.012]	[38.278, -60.522, -18.474, -165.958, 20.248, -16.678, -53.059, 53.059, 44.593, 29.376, 16.139, 4.47]	-30.372
59.965	[0.091, 0.028, 0.05, 0.012, 0.123, 1.0, 0.057, 0.151, 0.012, 0.035, 0.01, 0.028]	[42.853, 17.958, -44.691, -8.527, 14.355, -22.587, -100.433, -51.327, 40.462, 11.195, -18.904, -3.729]	-17.066
60.307	[0.218, 0.073, 0.147, 0.064, 0.412, 1.0, 0.214, 0.242, 0.066, 0.106, 0.049, 0.045]	[37.459, -21.205, -54.26, -12.121, 20.674, -38.424, -84.746, -9.082, 47.129, 0.932, -0.886, 8.859]	-22.878
60.551	[0.471, 0.06, 0.117, 0.024, 0.079, 0.572, 0.148, 1.0, 0.087, 0.083, 0.05, 0.086]	[34.349, -121.083, -59.55, -6.434, 26.214, -32.216, -26.559, 0.147, 28.655, 14.186, -9.267, 19.568]	-28.007
61.134	[1.0, 0.582, 0.078, 0.096, 0.108, 0.193, 0.083, 0.398, 0.151, 0.046, 0.232, 0.033]	[29.491, -132.161, -60.6, -51.724, 35.167, -53.574, -23.62, -16.154, 9.252, 12.942, 10.51, 18.875]	-33.546
61.225	[1.0, 0.238, 0.088, 0.046, 0.139, 0.728, 0.325, 0.773, 0.159, 0.195, 0.06, 0.398]	[34.486, 70.541, -129.713, -36.354, 92.119, -41.339, -18.03, -18.867, 5.093, -31.427, -20.975, 16.146]	-32.341
61.364	[0.278, 0.066, 0.035, 0.048, 0.251, 0.613, 0.39, 0.177, 0.09, 1.0, 0.38, 0.336]	[41.005, -27.913, -93.698, 54.055, 51.244, 77.129, 4.106, -16.008, 33.589, 51.601, -61.233, 1.157]	-31.268
61.625	[0.071, 0.013, 0.046, 0.12, 0.28, 0.417, 0.038, 0.024, 0.086, 1.0, 0.236, 0.051]	[41.015, -20.181, 3.34, -135.485, 58.828, 26.925, 11.955, 10.002, 48.199, 13.344, -13.216, 4.275]	-29.627
62.190	[0.174, 0.142, 0.598, 0.062, 0.143, 0.258, 0.305, 1.0, 0.294, 0.486, 0.181, 0.08]	[40.223, -88.761, -29.138, -75.935, 45.42, -16.415, -8.019, -3.553, 20.876, -22.952, 11.132, 25.54]	-24.048
62.399	[0.255, 0.267, 1.0, 0.07, 0.12, 0.059, 0.069, 0.473, 0.089, 0.256, 0.019, 0.033]	[41.859, -87.755, -38.83, -14.979, 52.511, -34.42, -9.328, 9.773, 9.389, -3.703, -21.588, 45.507]	-18.345
62.625	[0.114, 0.015, 0.109, 0.032, 0.418, 1.0, 0.041, 0.234, 0.041, 0.122, 0.021, 0.014]	[41.341, -86.913, -39.7, -24.23, 60.692, -7.206, -62.621, -35.443, 15.705, -10.76, -8.933, 11.338]	-22.614
62.884	[0.115, 0.04, 0.036, 0.043, 0.184, 0.243, 0.23, 0.164, 0.387, 1.0, 0.474, 0.28]	[43.764, -56.498, 12.143, -111.036, 57.279, 2.818, -67.207, 36.084, 31.985, -29.013, 8.053, -9.88]	-22.289
63.323	[0.13, 0.01, 0.061, 0.014, 0.089, 0.204, 0.279, 0.416, 0.096, 0.097, 0.193, 1.0]	[39.582, -41.078, -91.156, -65.938, 52.483, -34.077, -23.363, -62.023, 11.422, 16.528, -17.751, -12.86]	-21.496
63.594	[0.093, 0.027, 0.118, 0.029, 0.29, 0.805, 0.088, 0.127, 0.05, 0.414, 1.0, 0.068]	[44.101, -46.99, -24.623, 24.889, 78.682, -3.104, -25.429, 3.496, 54.604, -10.472, -12.324, 12.743]	-21.767
64.413	[0.196, 0.048, 0.586, 0.035, 0.089, 1.0, 0.077, 0.076, 0.034, 0.245, 0.58, 0.259]	[33.832, -77.609, -40.019, -25.676, 32.811, -23.573, -57.221, -15.883, -0.861, -24.966, -11.525, 12.594]	-26.581
64.655	[0.485, 0.19, 0.376, 0.073, 0.093, 0.63, 0.304, 0.288, 0.353, 0.62, 1.0, 0.205]	[31.597, -72.592, -56.061, -16.761, 29.43, -12.469, -50.443, -20.116, 16.318, -30.621, -5.167, 10.189]	-30.840
64.767	[0.595, 0.191, 0.362, 0.111, 0.186, 1.0, 0.271, 0.269, 0.308, 0.402, 0.834, 0.155]	[39.302, 180.42, -59.875, -91.227, 60.261, -1.074, -80.308, -21.066, 36.746, -33.982, 16.276, -4.517]	-32.648
64.931	[0.091, 0.311, 1.0, 0.056, 0.037, 0.136, 0.03, 0.026, 0.155, 0.909, 0.236, 0.04]	[47.168, -12.353, -0.52, -52.982, 21.523, 11.284, -66.37, 14.885, 39.298, -13.842, -7.99, -30.031]	-20.690
65.363	[0.1, 0.627, 1.0, 0.051, 0.068, 0.179, 0.031, 0.032, 0.062, 0.554, 0.061, 0.025]	[40.223, -19.765, -39.919, 21.635, 26.239, -36.466, -55.94, 38.77, 13.27, 9.901, 9.68, -18.652]	-24.925
65.667	[0.194, 0.12, 0.881, 0.084, 0.107, 0.783, 0.21, 0.105, 0.1, 1.0, 0.066, 0.039]	[46.464, -28.477, 50.366, -7.995, 72.574, -4.694, 27.867, -8.684, 6.194, 19.115, -14.195, 22.901]	-26.923
66.222	[0.292, 0.206, 1.0, 0.047, 0.093, 0.509, 0.087, 0.063, 0.286, 0.982, 0.04, 0.024]	[44.94, -53.059, 19.434, 13.088, 79.007, -1.486, 20.042, 24.736, 12.082, -32.482, -35.877, 21.24]	-16.847
66.519	[0.25, 0.483, 0.817, 0.059, 0.114, 0.287, 0.128, 1.0, 0.095, 0.544, 0.036, 0.026]	[36.602, -126.459, 6.134, -31.507, 67.782, -39.604, -11.382, -8.514, 7.362, 17.109, -1.489, 29.227]	-25.941
66.704	[0.158, 0.028, 0.108, 0.022, 0.409, 1.0, 0.189, 0.426, 0.065, 0.099, 0.012, 0.018]	[43.494, -72.918, -54.051, 66.071, 61.363, 13.543, 30.062, 8.287, 40.217, -7.404, -52.164, 11.77]	-23.763
66.971	[0.245, 0.065, 0.167, 0.033, 0.129, 0.698, 0.068, 1.0, 0.088, 0.123, 0.025, 0.072]	[43.243, 4.416, 34.856, -103.547, 37.304, 67.485, -2.257, 15.424, 33.156, -20.872, 18.84, -16.272]	-28.356
67.291	[0.262, 0.03, 0.078, 0.02, 0.036, 0.349, 0.081, 1.0, 0.078, 0.045, 0.021, 0.069]	[47.286, 17.815, 34.44, 0.256, 49.046, -12.362, -23.262, -27.796, 35.041, 2.06, -32.015, 4.721]	-13.464
67.566	[0.401, 0.103, 0.149, 0.154, 0.361, 0.654, 0.409, 1.0, 0.086, 0.067, 0.059, 0.106]	[44.741, -70.449, 5.523, 25.621, 41.43, 39.863, -2.785, 10.672, 7.369, -2.268, -32.682, -7.261]	-20.907
68.011	[0.867, 0.135, 1.0, 0.119, 0.086, 0.537, 0.136, 0.619, 0.039, 0.097, 0.05, 0.193]	[39.738, -39.871, -3.748, -42.601, 24.155, -20.717, -25.353, -26.053, -11.446, -10.733, -19.123, -4.807]	-25.428
68.278	[0.114, 0.081, 0.783, 1.0, 0.081, 0.088, 0.045, 0.162, 0.025, 0.046, 0.318, 0.109]	[38.798, -90.741, -52.002, 24.007, 19.384, 2.878, -45.054, -19.215, 5.575, -21.995, -27.907, 12.876]	-22.152
69.356	[0.103, 0.237, 0.222, 0.739, 0.081, 0.363, 0.172, 1.0, 0.089, 0.031, 0.119, 0.023]	[35.861, -86.701, -103.4, -39.621, 39.351, 3.387, -26.195, -7.399, 35.587, -19.784, -1.645, 12.045]	-29.552
69.721	[0.057, 0.074, 0.197, 1.0, 0.129, 0.357, 0.036, 0.482, 0.072, 0.026, 0.197, 0.049]	[30.362, -68.577, -123.828, 14.384, 48.954, -40.325, -45.596, -66.226, 28.614, 14.653, -30.893, 22.288]	-30.083
70.051	[0.245, 0.059, 0.161, 0.705, 0.087, 0.834, 0.184, 1.0, 0.185, 0.09, 0.236, 0.044]	[26.599, -139.798, -58.509, -60.888, 36.43, 10.407, -12.625, -1.855, 6.595, -12.699, -31.514, 15.634]	-37.467
70.717	[0.068, 0.041, 0.145, 0.339, 0.081, 0.61, 0.252, 1.0, 0.165, 0.045, 0.116, 0.034]	[25.681, -182.569, -79.852, -35.182, 46.534, -43.616, -19.157, -11.749, -8.667, 11.964, -10.325, 1.525]	-36.958
70.959	[0.063, 0.121, 0.058, 0.302, 0.12, 1.0, 0.194, 0.584, 0.057, 0.036, 0.124, 0.047]	[22.789, -200.213, -52.333, -64.281, 79.217, -49.825, -14.743, 4.758, -10.363, -7.598, 6.227, 5.461]	-38.266
71.134	[0.186, 0.027, 0.029, 0.029, 0.013, 0.144, 0.126, 1.0, 0.091, 0.03, 0.018, 0.022]	[27.003, -232.429, -45.285, -48.57, 38.905, -46.789, 17.344, 18.218, -18.35, 5.436, 2.106, 3.274]	-37.252
71.315	[0.223, 0.065, 0.127, 0.052, 0.03, 0.289, 0.25, 1.0, 0.115, 0.046, 0.039, 0.045]	[29.43, -125.803, -49.992, -87.66, 24.463, -35.592, -15.705, 21.739, 29.619, -11.029, 2.997, 16.765]	-33.616
71.489	[0.143, 0.015, 0.076, 0.124, 0.03, 0.425, 0.141, 1.0, 0.057, 0.032, 0.094, 0.036]	[29.532, -88.656, -68.345, -23.277, 38.626, -34.095, -18.874, -11.282, 28.122, -11.88, -27.469, 29.121]	-30.637
71.882	[0.162, 0.414, 1.0, 0.171, 0.167, 0.4, 0.054, 0.034, 0.075, 0.446, 0.222, 0.101]	[32.806, -81.059, 26.282, -244.995, 30.763, -23.127, -24.304, 55.4, 31.325, 3.617, 37.078, 2.079]	-36.527
72.342	[0.119, 0.707, 1.0, 0.188, 0.578, 0.537, 0.056, 0.03, 0.07, 0.205, 0.032, 0.029]	[43.964, 26.022, -53.181, -5.412, 8.636, -11.063, -92.661, -39.05, 41.337, 16.191, -39.242, -2.292]	-16.547
72.597	[0.162, 0.801, 1.0, 0.219, 0.093, 0.477, 0.12, 0.053, 0.112, 0.655, 0.089, 0.053]	[37.921, 63.813, -51.96, -115.06, 25.74, -10.059, -48.167, 25.554, 59.002, -38.04, -6.393, 6.814]	-27.899
72.829	[0.178, 0.115, 1.0, 0.182, 0.056, 0.624, 0.118, 0.041, 0.025, 0.318, 0.029, 0.018]	[39.811, -87.611, -25.864, -37.989, 26.965, 14.295, -6.765, -17.063, -3.554, 18.441, -15.871, 4.402]	-27.727
73.333	[0.341, 0.493, 0.38, 0.063, 0.359, 1.0, 0.145, 0.046, 0.053, 0.758, 0.081, 0.029]	[37.724, -120.828, -26.32, -14.387, 53.665, -26.978, -10.019, -6.017, 5.679, 4.511, 4.43, 26.348]	-25.205
73.497	[0.171, 0.176, 0.443, 0.112, 1.0, 0.239, 0.081, 0.036, 0.051, 0.434, 0.031, 0.046]	[40.391, -99.043, 22.613, -98.704, 86.836, -31.391, -12.227, 6.647, 26.212, 2.45, 21.313, 13.696]	-24.013
73.712	[0.224, 0.028, 0.038, 0.118, 0.895, 1.0, 0.131, 0.209, 0.029, 0.121, 0.029, 0.059]	[44.62, -38.641, 24.555, -26.014, 76.898, -41.78, -16.976, -0.44, 56.284, 24.647, 3.706, -0.118]	-16.920
74.588	[0.169, 0.037, 0.038, 0.101, 0.376, 1.0, 0.159, 0.399, 0.108, 0.17, 0.043, 0.023]	[42.55, -69.174, -43.936, 28.582, 49.023, -39.684, -32.678, -19.779, 49.063, 15.645, -48.357, 17.439]	-15.751
74.900	[0.605, 0.079, 0.038, 0.035, 0.086, 1.0, 0.066, 0.494, 0.055, 0.126, 0.074, 0.122]	[35.382, -41.123, -139.415, -24.397, 111.535, -50.413, -14.678, -47.474, -3.9, -20.949, -36.757, 2.624]	-26.694
75.396	[0.905, 0.245, 0.357, 0.447, 0.221, 1.0, 0.253, 0.673, 0.108, 0.17, 0.062, 0.311]	[37.45, 43.54, -49.963, -64.074, 44.879, -1.218, -68.656, -81.642, 42.797, -15.531, 3.698, 3.994]	-31.521
75.534	[0.535, 0.384, 0.369, 0.411, 1.0, 0.74, 0.559, 0.574, 0.879, 0.877, 0.833, 0.407]	[42.689, -98.862, -10.769, -17.765, 28.959, -26.171, 18.655, -2.584, 46.464, 13.835, 0.225, -7.174]	-22.299
75.617	[0.1, 0.012, 0.008, 0.05, 0.25, 0.198, 0.02, 0.024, 0.062, 1.0, 0.132, 0.051]	[44.759, -43.477, 17.148, -38.317, 42.286, -27.257, 39.774, 22.796, 36.532, -0.374, -7.694, 18.102]	-18.290
76.363	[0.138, 0.056, 0.824, 0.116, 0.239, 0.305, 0.11, 0.897, 0.186, 1.0, 0.183, 0.044]	[41.881, -24.414, -37.763, -9.697, 45.779, -16.766, -34.966, -16.249, 44.673, 8.996, -39.841, 21.039]	-18.923
76.847	[0.141, 0.05, 0.376, 0.16, 1.0, 0.83, 0.181, 0.261, 0.085, 0.13, 0.039, 0.125]	[40.988, -24.714, -3.396, -60.728, 19.905, 1.114, -56.436, -55.363, 18.107, -2.653, -17.218, -6.576]	-26.503
77.073	[0.028, 0.006, 0.024, 0.016, 0.096, 0.029, 0.029, 0.02, 0.016, 0.163, 1.0, 0.083]	[45.215, -35.901, 5.966, -10.429, 64.438, -19.389, -19.408, 14.223, 48.58, 1.727, 12.95, 15.279]	-19.360
78.229	[0.111, 0.026, 0.834, 0.021, 0.052, 0.387, 0.056, 0.07, 0.031, 0.347, 1.0, 0.042]	[36.618, -126.627, -54.283, 21.801, 43.28, -24.811, -55.806, 5.856, 10.788, -10.384, -15.958, 17.918]	-23.552
79.076	[0.172, 0.613, 1.0, 0.205, 0.511, 0.342, 0.05, 0.02, 0.088, 0.439, 0.114, 0.116]	[39.726, -119.538, 28.771, -171.964, 62.642, 62.184, 45.304, 23.04, 37.501, -3.809, 14.683, -11.587]	-35.563
79.378	[0.306, 1.0, 0.101, 0.041, 0.125, 0.795, 0.025, 0.015, 0.032, 0.049, 0.048, 0.012]	[45.226, -92.489, 24.621, 29.034, 65.542, -21.186, 6.349, 3.42, 37.389, -0.167, -52.987, -1.627]	-14.136
79.546	[0.137, 0.745, 0.995, 0.215, 0.275, 1.0, 0.066, 0.043, 0.075, 0.513, 0.116, 0.027]	[44.278, -4.241, 9.207, -70.842, 53.156, 1.898, -29.349, 15.534, 69.295, -21.232, 3.147, 0.962]	-23.333
79.784	[0.191, 0.789, 1.0, 0.373, 0.044, 0.194, 0.041, 0.024, 0.022, 0.312, 0.089, 0.011]	[45.734, -9.747, 10.585, -0.58, 70.932, -29.314, -45.022, -2.954, 55.237, 24.886, 1.02, 4.49]	-17.443
79.958	[0.202, 0.335, 1.0, 0.102, 0.143, 0.81, 0.117, 0.034, 0.08, 0.509, 0.074, 0.053]	[45.663, -53.427, -1.173, -36.022, 45.6, -42.59, -9.079, 0.242, 33.457, 19.461, 2.831, 25.826]	-16.854
80.121	[0.086, 0.145, 1.0, 0.096, 0.045, 0.686, 0.08, 0.026, 0.013, 0.338, 0.029, 0.011]	[46.856, -35.256, 8.022, -10.233, 61.274, -37.6, -4.397, -9.255, 42.263, 4.93, -8.388, 30.688]	-14.558
80.410	[0.12, 0.199, 0.549, 0.09, 0.063, 1.0, 0.38, 0.029, 0.046, 0.366, 0.067, 0.019]	[41.084, -69.326, -18.129, -10.16, 86.388, -30.306, -24.096, -5.164, 39.411, 7.82, -27.09, 29.531]	-19.674
80.619	[0.082, 0.125, 0.402, 1.0, 0.14, 0.257, 0.087, 0.038, 0.045, 0.37, 0.1, 0.018]	[42.264, -58.959, -15.138, -63.923, 77.247, -8.331, -30.675, -4.898, 30.505, -19.411, 28.899, 34.914]	-22.742
80.840	[0.113, 0.036, 0.16, 0.16, 1.0, 0.786, 0.109, 0.186, 0.022, 0.035, 0.026, 0.087]	[44.119, -70.052, -12.438, -5.411, 30.493, -8.889, -1.897, 13.943, 3.966, -1.716, -18.555, 32.861]	-18.929
81.636	[0.969, 0.701, 0.58, 0.112, 0.178, 0.654, 0.265, 1.0, 0.57, 0.416, 0.086, 0.099]	[40.247, -80.465, 13.027, -77.915, 63.274, -0.617, -12.968, 15.505, 29.45, -19.087, -14.183, 14.697]	-25.279
82.135	[1.0, 0.195, 0.069, 0.018, 0.034, 0.236, 0.041, 0.392, 0.035, 0.08, 0.034, 0.183]	[36.261, -74.307, -45.432, -20.599, 28.534, -14.784, -28.757, -41.642, 11.517, -3.459, -33.167, 7.68]	-27.561
82.385	[0.235, 0.036, 1.0, 0.153, 0.021, 0.087, 0.023, 0.147, 0.014, 0.057, 0.011, 0.025]	[35.918, -146.742, -56.521, -38.942, 64.818, -27.46, -37.92, -6.467, 7.317, -8.705, -2.2, 19.31]	-27.558
82.570	[0.285, 0.146, 0.246, 1.0, 0.161, 0.071, 0.065, 0.237, 0.042, 0.186, 0.518, 0.343]	[33.865, -190.98, -72.44, -17.212, 37.53, -44.815, -9.199, -2.822, -6.883, -10.71, -5.65, 16.016]	-25.591
82.889	[0.228, 1.0, 0.278, 0.474, 0.163, 0.156, 0.101, 0.466, 0.049, 0.083, 0.241, 0.056]	[35.322, 14.031, -135.713, -34.895, 80.624, -41.827, 16.587, -34.325, 32.37, -21.75, -4.203, 30.937]	-30.688
83.058	[0.086, 0.06, 0.386, 1.0, 0.148, 0.07, 0.032, 0.191, 0.04, 0.861, 0.683, 0.049]	[33.813, -77.681, -61.891, -58.58, 47.696, -7.512, 14.214, -5.894, 20.975, -19.983, 4.264, 24.208]	-31.354
83.477	[0.119, 0.025, 0.167, 0.513, 0.067, 0.281, 0.134, 1.0, 0.109, 0.401, 0.302, 0.045]	[33.821, -170.522, -80.418, -24.729, 17.23, -34.183, -7.386, -7.711, 1.197, -9.209, -27.367, 21.969]	-28.494
83.958	[0.189, 0.069, 0.324, 1.0, 0.434, 0.073, 0.025, 0.193, 0.061, 0.146, 0.154, 0.198]	[28.755, -228.416, -89.987, -61.826, 18.103, -62.397, 16.679, 10.349, 0.52, -3.351, 4.219, 6.689]	-32.517
84.177	[0.038, 0.013, 0.022, 1.0, 0.166, 0.072, 0.044, 0.595, 0.067, 0.213, 0.405, 0.057]	[29.39, -215.118, -91.063, -25.104, 11.716, -54.674, -17.765, -7.987, -3.794, 10.529, -8.266, 3.844]	-32.019
84.538	[0.086, 0.008, 0.233, 1.0, 0.274, 0.051, 0.052, 0.577, 0.072, 0.023, 0.21, 0.047]	[25.673, -165.515, -81.261, -64.262, 27.511, -40.188, 0.838, 7.5, 6.666, -12.24, -3.654, 3.647]	-35.438
84.810	[0.03, 0.009, 0.159, 1.0, 0.043, 0.095, 0.038, 0.15, 0.02, 0.022, 0.215, 0.082]	[27.648, -187.454, -95.945, -21.478, 10.764, -4.283, -4.353, 5.99, 1.388, 2.26, -12.799, -3.488]	-36.522
85.498	[0.085, 0.039, 0.287, 1.0, 0.108, 0.554, 0.204, 0.691, 0.119, 0.041, 0.19, 0.028]	[31.677, -133.82, -69.841, -57.022, 40.696, 34.532, -4.612, -11.51, 19.57, -4.504, -6.794, 4.472]	-36.860
85.934	[0.061, 0.112, 0.335, 1.0, 0.271, 0.463, 0.107, 0.595, 0.112, 0.079, 0.317, 0.063]	[37.591, 118.535, -144.472, -107.542, 119.654, -23.715, -50.202, 22.477, 45.282, -27.662, 20.924, 12.203]	-33.161
86.165	[0.13, 0.252, 1.0, 0.13, 0.258, 0.441, 0.03, 0.027, 0.031, 0.26, 0.064, 0.065]	[43.322, -58.373, -33.953, 45.078, 61.841, 2.232, -4.095, 5.248, 30.925, 29.112, -49.327, -7.035]	-24.430
86.964	[0.28, 0.361, 0.704, 0.199, 0.266, 1.0, 0.302, 0.14, 0.091, 0.28, 0.059, 0.058]	[38.197, -99.217, 26.651, -136.568, 65.547, -22.549, 16.876, -12.018, 15.9, 14.935, 17.319, 9.236]	-28.920
87.185	[0.268, 0.315, 0.563, 0.124, 0.092, 1.0, 0.13, 0.037, 0.037, 0.405, 0.037, 0.026]	[41.746, -105.865, -27.173, 66.396, 44.764, -28.688, -4.982, -20.047, 22.81, -9.097, -38.343, 25.051]	-15.861
87.405	[0.187, 0.278, 0.646, 0.157, 0.181, 1.0, 0.128, 0.038, 0.093, 0.413, 0.039, 0.042]	[36.866, -91.684, -47.003, -23.488, 40.524, 0.329, -13.893, -26.563, 2.943, -31.646, -31.01, 7.713]	-26.263
87.667	[0.513, 0.931, 1.0, 0.352, 0.257, 0.939, 0.268, 0.1, 0.171, 0.584, 0.196, 0.061]	[36.227, -49.203, -34.435, -21.382, 15.574, -56.527, -36.343, -5.339, -14.064, -2.194, -1.694, -4.233]	-29.091
87.776	[0.114, 0.312, 1.0, 0.176, 0.034, 0.155, 0.032, 0.021, 0.041, 0.265, 0.045, 0.013]	[44.463, -8.823, 18.387, -53.177, 65.098, -2.534, -44.736, 8.037, 40.903, 9.22, 13.978, 4.341]	-26.174
87.916	[0.101, 0.032, 0.068, 0.036, 0.626, 1.0, 0.235, 0.049, 0.053, 0.274, 0.023, 0.043]	[45.416, -27.554, -4.667, -28.228, 54.293, -46.401, -0.728, 12.997, 56.454, 22.701, -4.104, 9.136]	-15.653
88.381	[0.331, 0.042, 0.037, 0.107, 0.414, 1.0, 0.205, 0.148, 0.058, 0.117, 0.035, 0.036]	[40.698, -72.326, -29.859, 58.629, 59.626, -34.957, -18.078, -22.547, 38.916, 9.106, -51.577, 8.477]	-17.036
89.432	[0.804, 0.099, 0.026, 0.027, 0.116, 1.0, 0.206, 0.128, 0.048, 0.244, 0.064, 0.151]	[35.576, 101.963, -114.44, -92.568, 125.601, -47.086, 6.596, 32.987, 19.379, -29.233, 4.476, -5.019]	-32.997
89.682	[0.087, 0.015, 0.017, 0.049, 0.171, 0.19, 0.025, 0.027, 0.04, 1.0, 0.145, 0.06]	[45.35, -41.293, 22.879, -26.449, 69.773, -8.84, 20.893, 34.332, 38.098, 23.899, -2.739, 2.84]	-26.823
90.477	[0.165, 0.246, 0.4, 0.029, 0.152, 0.089, 0.161, 0.819, 0.339, 1.0, 0.116, 0.053]	[41.118, -54.647, 2.531, -94.234, 45.847, -23.717, -21.962, 6.139, 38.692, 13.725, -8.782, 27.19]	-22.229
90.946	[0.293, 0.062, 0.257, 0.162, 0.75, 0.809, 0.183, 0.842, 0.224, 1.0, 0.113, 0.129]	[36.497, -73.955, -31.506, -47.899, 12.7, -12.168, -24.026, 4.989, 17.873, -26.347, -26.886, 5.725]	-24.992
91.144	[0.178, 0.083, 0.234, 0.1, 0.512, 0.133, 0.336, 0.502, 0.656, 1.0, 0.465, 0.043]	[39.037, 73.597, -64.067, -26.776, 34.589, -3.012, -24.051, -43.431, 46.067, -23.684, -27.1, 20.042]	-27.799
91.307	[0.074, 0.022, 0.266, 1.0, 0.246, 0.068, 0.121, 0.133, 0.274, 0.379, 0.22, 0.012]	[41.075, 0.416, -12.336, -91.861, 10.48, 10.852, -84.904, 21.529, 21.295, -1.692, 29.923, -12.563]	-28.192
91.458	[0.016, 0.004, 0.023, 0.034, 0.221, 0.067, 0.024, 0.021, 0.008, 0.136, 1.0, 0.027]	[42.035, 18.502, -66.645, -7.738, -5.985, -12.337, -90.484, -33.423, 38.657, 2.104, -37.704, -6.443]	-17.342
92.688	[0.137, 0.025, 0.331, 0.023, 0.043, 0.319, 0.026, 0.078, 0.023, 0.199, 1.0, 0.041]	[31.768, -95.128, -43.129, -3.329, 13.021, -33.565, -59.128, -13.901, -7.78, -8.216, -18.557, 5.75]	-28.366
93.187	[0.35, 0.908, 1.0, 0.373, 0.116, 0.869, 0.09, 0.042, 0.273, 0.535, 0.282, 0.219]	[39.654, -59.03, -12.361, -127.496, 48.808, 19.92, -26.207, 20.822, 15.835, 19.599, 54.019, 0.461]	-36.300
93.385	[0.199, 0.744, 1.0, 0.242, 0.071, 0.752, 0.033, 0.024, 0.101, 0.348, 0.16, 0.043]	[46.486, 68.374, -32.568, -65.426, -12.0, -21.447, -92.556, -17.391, 42.22, 15.131, -3.394, -19.515]	-15.319
93.600	[0.05, 0.211, 1.0, 0.458, 0.085, 0.19, 0.026, 0.027, 0.023, 0.129, 0.024, 0.019]	[44.126, 68.929, -83.702, 23.771, 21.318, -31.859, -109.595, 9.818, 32.748, 10.561, -30.399, -7.816]	-13.934
94.122	[0.236, 0.259, 1.0, 0.276, 0.178, 0.611, 0.277, 0.272, 0.125, 0.408, 0.105, 0.071]	[44.716, -6.308, -5.123, -49.048, 68.074, 10.419, -42.73, -21.581, 42.892, 44.886, -4.927, 8.578]	-26.206
94.326	[0.209, 0.214, 0.956, 0.312, 0.121, 1.0, 0.092, 0.063, 0.021, 0.308, 0.032, 0.019]	[45.105, 0.254, -9.656, -22.382, 46.443, -33.19, -53.487, -3.29, 50.139, 8.376, -11.191, 9.119]	-16.035
94.614	[0.153, 0.137, 0.347, 0.064, 0.16, 1.0, 0.052, 0.028, 0.028, 0.198, 0.033, 0.018]	[43.478, 6.208, -10.713, -51.389, 59.255, -14.34, -66.426, -15.105, 55.189, 5.775, -11.926, 19.606]	-18.915
94.806	[0.192, 0.041, 0.092, 0.082, 0.87, 1.0, 0.184, 0.223, 0.036, 0.055, 0.04, 0.142]	[45.068, -34.916, 31.387, -14.321, 69.976, -30.129, -15.309, -12.424, 25.356, 30.689, 5.428, 10.01]	-21.891
95.858	[0.831, 0.261, 0.586, 0.292, 0.129, 1.0, 0.272, 0.428, 0.049, 0.081, 0.032, 0.097]	[41.739, -70.023, -56.276, 3.92, 41.969, -18.217, -45.533, -18.245, 30.917, 12.904, -23.224, 15.619]	-23.631
96.298	[1.0, 0.094, 0.031, 0.046, 0.044, 0.497, 0.067, 0.179, 0.012, 0.02, 0.019, 0.081]	[38.58, -43.42, -42.801, -79.713, 31.61, -13.904, -54.215, 4.693, 42.759, -15.779, 9.315, 20.038]	-26.468
96.613	[0.405, 0.087, 1.0, 0.045, 0.052, 0.313, 0.077, 0.195, 0.022, 0.071, 0.022, 0.093]	[43.048, 8.985, -7.564, -42.152, 54.039, -30.549, -59.997, -12.237, 52.265, 7.804, 12.424, 10.822]	-20.912
96.775	[0.088, 0.044, 0.628, 1.0, 0.037, 0.09, 0.042, 0.187, 0.019, 0.052, 0.388, 0.062]	[42.339, -21.147, -64.855, 17.088, 24.689, -20.293, -32.41, -23.434, 38.972, 8.894, -37.134, 19.986]	-16.895
97.664	[0.281, 0.129, 0.708, 1.0, 0.174, 0.416, 0.097, 0.499, 0.077, 0.053, 0.473, 0.048]	[34.432, -153.692, -44.648, -42.318, 28.614, -12.542, -28.677, -14.898, 10.601, -15.519, -5.654, 9.636]	-28.737
97.976	[0.272, 0.096, 0.421, 1.0, 0.236, 0.138, 0.037, 0.382, 0.039, 0.047, 0.237, 0.389]	[30.909, -193.839, -72.408, -16.323, 17.748, -47.597, -29.262, -30.826, 4.474, 3.629, -15.593, 2.921]	-29.713
98.375	[0.078, 0.014, 0.046, 1.0, 0.034, 0.078, 0.074, 0.408, 0.057, 0.026, 0.137, 0.033]	[30.342, -180.279, -92.934, -40.684, 5.673, -21.075, -13.426, 2.404, 11.069, -4.494, 1.961, -5.008]	-32.940
98.998	[0.043, 0.013, 0.329, 1.0, 0.082, 0.053, 0.031, 0.297, 0.024, 0.036, 0.256, 0.088]	[29.807, -132.6, -107.282, -88.388, -2.522, -5.77, -8.23, 20.015, 25.703, -28.91, -26.428, -3.654]	-33.439
99.399	[0.137, 0.094, 0.435, 1.0, 0.279, 0.105, 0.161, 0.565, 0.134, 0.048, 0.156, 0.048]	[35.109, -71.496, -40.958, -84.294, 5.128, 9.542, 2.995, -44.609, 14.767, -0.61, -32.557, 7.296]	-35.144
99.642	[0.244, 0.041, 0.136, 0.62, 0.087, 1.0, 0.343, 0.878, 0.085, 0.067, 0.27, 0.054]	[45.818, 36.065, -20.354, -66.766, 52.892, 8.888, -10.402, -46.157, 13.989, 15.758, -25.324, 15.462]	-25.715
100.298	[0.136, 0.284, 0.879, 0.131, 0.152, 1.0, 0.09, 0.07, 0.043, 0.502, 0.145, 0.05]	[44.671, -18.073, -40.886, -60.338, 17.622, -27.803, -81.424, 2.794, 39.388, 1.51, 3.607, -0.13]	-20.528
100.697	[0.17, 0.482, 0.135, 0.053, 0.044, 1.0, 0.149, 0.013, 0.026, 0.11, 0.017, 0.015]	[44.747, -3.71, -43.433, -21.657, 28.361, -15.618, -92.756, -30.155, 42.326, 6.568, -18.994, 7.027]	-16.559
100.868	[0.117, 0.365, 0.457, 0.153, 0.359, 1.0, 0.35, 0.032, 0.052, 0.277, 0.057, 0.018]	[41.198, -72.266, -57.786, 2.634, 44.025, -31.403, -85.737, -36.539, 41.078, 9.026, -21.062, 19.724]	-18.800
101.083	[0.696, 1.0, 0.432, 0.302, 0.223, 0.431, 0.207, 0.078, 0.087, 0.424, 0.166, 0.156]	[42.602, 124.243, -81.695, -77.889, 79.481, -10.535, -59.455, -17.107, 55.651, -36.112, 25.235, 7.881]	-24.713
101.187	[0.171, 0.184, 0.528, 0.088, 0.231, 1.0, 0.127, 0.061, 0.045, 0.139, 0.017, 0.029]	[48.0, 11.521, -23.18, -26.141, 58.589, -36.502, -61.74, -25.982, 20.347, 47.017, -1.248, 15.153]	-18.023
101.384	[0.115, 0.105, 0.342, 0.031, 0.05, 1.0, 0.065, 0.02, 0.01, 0.059, 0.012, 0.007]	[47.664, -2.889, -10.883, -32.8, 66.047, -18.667, -44.953, -9.564, 41.339, -4.038, -18.353, 29.699]	-13.083
101.646	[0.153, 0.161, 0.448, 0.15, 0.175, 1.0, 0.196, 0.033, 0.084, 0.351, 0.048, 0.015]	[44.899, 20.609, -47.761, 19.237, 52.727, -13.431, -69.515, -42.864, 56.655, 6.896, -44.004, 27.226]	-22.251
101.895	[0.128, 0.137, 0.447, 0.125, 0.429, 1.0, 0.457, 0.178, 0.052, 0.061, 0.021, 0.033]	[41.658, -1.884, -28.447, -82.073, 54.032, 16.653, -42.469, 19.869, 35.871, 8.886, -38.524, 11.915]	-24.508
102.354	[0.127, 0.057, 0.124, 0.039, 1.0, 0.758, 0.097, 0.265, 0.039, 0.031, 0.014, 0.032]	[42.601, 10.984, -55.901, -11.845, 32.131, -18.906, -63.157, -51.571, 9.447, 13.394, -23.674, 9.211]	-20.345
102.579	[0.388, 0.048, 0.073, 0.049, 0.185, 1.0, 0.259, 0.314, 0.094, 0.064, 0.021, 0.035]	[42.592, 22.622, -13.622, -31.061, 13.335, 4.029, -74.579, 11.117, 14.872, -26.802, 15.213, -23.894]	-22.839
102.965	[0.578, 0.062, 0.12, 0.09, 0.266, 1.0, 0.734, 0.482, 0.111, 0.34, 0.102, 0.056]	[39.511, -27.261, -55.182, -3.776, -1.194, -20.751, -58.568, -28.171, 23.905, 9.475, -19.969, 1.558]	-20.729
103.310	[0.599, 0.065, 0.106, 0.054, 0.192, 1.0, 0.246, 0.277, 0.301, 0.857, 0.073, 0.05]	[33.26, -50.15, -51.475, -33.024, 40.85, -23.895, -48.097, 2.403, 32.771, -22.241, -23.673, 2.502]	-28.612
103.821	[0.203, 0.102, 0.043, 0.126, 0.559, 1.0, 0.539, 0.118, 0.111, 0.769, 0.303, 0.385]	[40.42, -4.469, -20.321, -146.584, 13.121, 71.428, -35.479, 24.97, 43.513, -20.778, 6.292, -1.281]	-32.978
104.073	[0.189, 0.041, 0.018, 0.051, 0.424, 1.0, 0.293, 0.079, 0.26, 0.856, 0.396, 0.145]	[46.914, 26.809, -19.688, -62.49, 50.037, -6.686, -32.341, -17.386, 58.979, 11.591, -29.603, 12.317]	-15.787
104.274	[0.084, 0.016, 0.006, 0.03, 0.241, 1.0, 0.058, 0.048, 0.079, 0.225, 0.078, 0.114]	[45.949, -38.841, 10.807, -14.305, 67.962, -23.025, -19.964, -12.403, 50.831, 3.374, -30.111, 12.467]	-15.218
104.474	[0.112, 0.342, 0.684, 0.087, 0.142, 0.212, 0.221, 0.305, 0.326, 1.0, 0.152, 0.061]	[45.664, -47.97, 17.442, -65.717, 54.023, 1.956, -31.704, 38.145, 23.846, -12.816, -7.592, 5.666]	-18.875
104.919	[0.592, 0.128, 1.0, 0.338, 0.902, 0.823, 0.585, 0.521, 0.208, 0.809, 0.148, 0.166]	[40.321, -77.537, -50.965, 1.357, 37.307, -22.881, -55.208, -8.712, 26.352, -16.307, -9.155, 9.509]	-20.086
105.106	[0.446, 0.531, 1.0, 0.229, 0.249, 0.245, 0.476, 0.491, 0.529, 0.547, 0.329, 0.294]	[40.255, 9.813, -50.019, -50.446, 42.339, -28.33, -38.412, 0.699, -19.657, -14.953, 14.529, -13.355]	-25.000
105.188	[0.128, 0.041, 0.353, 0.092, 0.177, 0.063, 0.174, 1.0, 0.392, 0.308, 0.164, 0.026]	[46.7, -17.769, 29.254, -26.184, 81.527, -2.855, -4.287, -9.891, 28.482, 21.421, 5.228, 23.81]	-19.950
105.332	[0.114, 0.029, 0.285, 0.148, 0.431, 0.044, 0.055, 0.133, 0.497, 1.0, 0.034, 0.034]	[49.148, -12.201, 109.69, 1.905, 75.491, -26.362, 21.288, 28.236, 4.012, -2.235, -4.392, 25.079]	-14.469
105.627	[0.346, 0.037, 0.106, 0.023, 0.04, 0.272, 0.388, 0.309, 0.083, 0.127, 0.561, 1.0]	[45.073, -0.495, -42.4, -11.097, 51.73, -43.364, -1.863, 37.567, 17.828, 9.683, -7.796, 15.519]	-17.339
105.857	[0.237, 0.031, 0.066, 0.01, 0.031, 0.594, 0.204, 0.048, 0.036, 0.081, 0.272, 1.0]	[47.373, 10.211, -11.881, 6.58, 54.288, -5.808, 22.375, -7.172, 26.589, 17.203, -33.185, -3.609]	-18.268
106.108	[0.02, 0.008, 0.106, 0.005, 0.005, 0.046, 0.021, 0.33, 0.048, 0.392, 1.0, 0.093]	[44.381, 33.904, 11.219, -74.185, 48.557, 16.81, 6.329, -4.034, 47.576, -9.579, 19.084, -7.28]	-24.032
106.527	[0.054, 0.019, 0.635, 0.018, 0.031, 0.379, 0.129, 0.099, 0.046, 0.329, 1.0, 0.028]	[41.807, -8.038, -70.887, 85.663, 39.642, -34.148, -75.611, -37.481, 30.98, 11.766, -28.166, 21.515]	-14.992
107.387	[0.069, 0.253, 1.0, 0.037, 0.041, 0.143, 0.057, 0.085, 0.266, 0.767, 0.103, 0.023]	[39.665, -8.996, -13.44, -111.968, 42.266, 108.819, 11.673, 17.302, 25.224, 0.109, -52.809, -0.711]	-33.399
108.135	[0.134, 0.371, 0.661, 0.218, 0.109, 0.334, 0.255, 0.268, 0.846, 1.0, 0.093, 0.045]	[48.006, 7.473, -5.743, -4.307, 44.611, -15.944, -98.646, -41.012, 20.381, 37.924, -11.043, -4.104]	-24.549
108.396	[0.176, 0.184, 0.764, 0.039, 0.083, 0.944, 0.099, 0.095, 0.222, 1.0, 0.038, 0.022]	[44.55, -50.504, -4.986, -15.101, 30.117, -18.639, -65.876, -7.793, 10.089, -5.52, -11.508, -2.201]	-16.723
108.686	[0.385, 0.585, 0.753, 0.235, 0.208, 1.0, 0.543, 0.695, 0.197, 0.347, 0.114, 0.044]	[41.307, -36.741, -19.489, -64.309, 39.912, -10.278, -75.958, -10.258, 47.072, -17.104, 31.969, -4.259]	-23.668
108.786	[0.457, 0.228, 0.93, 0.028, 0.083, 0.475, 0.101, 0.186, 0.21, 1.0, 0.098, 0.143]	[41.491, -20.012, -45.438, 22.94, 24.415, -14.051, -65.159, -50.058, 36.868, -9.271, -29.809, 4.223]	-18.060
109.145	[0.138, 0.018, 0.119, 0.03, 0.389, 1.0, 0.225, 0.357, 0.042, 0.066, 0.03, 0.018]	[43.826, 21.663, -52.579, -15.092, 52.399, -8.186, -25.719, 27.316, 13.258, 30.627, -19.656, 6.574]	-25.454
109.622	[0.604, 0.057, 0.063, 0.023, 0.115, 0.748, 0.264, 1.0, 0.051, 0.087, 0.034, 0.058]	[42.775, 24.542, -64.185, 20.24, 58.48, -14.816, -50.248, 27.62, 4.666, -18.894, -36.576, -4.279]	-22.415
109.992	[0.272, 0.038, 0.076, 0.072, 0.184, 1.0, 0.587, 0.841, 0.035, 0.035, 0.021, 0.021]	[40.836, 29.03, -91.475, -51.311, 76.967, 32.163, -3.972, -50.691, -17.363, 3.135, -12.422, -2.018]	-27.505
110.539	[0.361, 0.114, 1.0, 0.092, 0.048, 0.272, 0.084, 0.203, 0.019, 0.064, 0.014, 0.093]	[42.877, -14.436, -42.263, -21.492, 29.811, -3.48, -62.124, -53.609, 21.161, 12.111, -7.014, 12.051]	-22.857
110.753	[0.443, 0.144, 0.582, 1.0, 0.303, 0.472, 0.149, 0.226, 0.086, 0.217, 0.593, 0.38]	[45.259, -39.649, -10.221, 18.243, 49.644, 24.585, -29.453, -6.957, 38.274, -27.066, -23.197, 4.337]	-21.520
111.246	[0.278, 0.707, 1.0, 0.835, 0.383, 0.39, 0.05, 0.113, 0.128, 0.129, 0.317, 0.181]	[35.589, -142.63, -76.826, -46.005, 38.083, -45.726, -38.98, -24.199, 20.32, 3.596, 2.622, 15.937]	-25.481
111.334	[0.082, 0.105, 0.646, 1.0, 0.16, 0.128, 0.052, 0.215, 0.01, 0.032, 0.231, 0.023]	[35.818, -90.161, -62.583, -41.716, 26.229, -7.202, -41.827, 4.447, 39.482, -40.522, -34.369, 5.964]	-25.940
111.653	[0.248, 1.0, 0.405, 0.445, 0.208, 0.392, 0.118, 0.592, 0.062, 0.111, 0.217, 0.117]	[35.984, 102.614, -105.42, -86.853, 83.587, -28.072, -29.297, 0.22, 22.752, -30.997, -0.933, -11.654]	-31.503
111.809	[0.066, 0.049, 0.27, 1.0, 0.135, 0.134, 0.036, 0.183, 0.023, 0.031, 0.07, 0.095]	[39.918, -19.86, -92.276, -3.115, 5.056, 4.079, -62.164, -45.832, 29.976, 16.689, -20.509, 0.252]	-26.142
112.459	[0.053, 0.073, 0.328, 1.0, 0.054, 0.117, 0.082, 0.248, 0.059, 0.062, 0.315, 0.067]	[31.576, -119.825, -94.715, -42.909, 15.627, -17.361, -33.929, -11.52, 20.687, -15.238, -39.287, 4.971]	-29.228
113.091	[0.081, 0.014, 0.072, 1.0, 0.135, 0.095, 0.05, 0.42, 0.022, 0.029, 0.084, 0.192]	[31.146, -143.318, -86.015, -72.925, 17.874, 13.405, -11.331, -8.913, 8.393, 10.476, -19.804, 7.253]	-35.609
113.589	[0.216, 0.083, 0.206, 1.0, 0.317, 0.324, 0.444, 0.619, 0.201, 0.08, 0.11, 0.066]	[39.668, -69.066, -27.894, -27.387, 47.202, 67.858, 11.566, 11.662, 38.797, -14.778, -11.673, 17.933]	-33.622
113.905	[0.735, 0.937, 0.437, 1.0, 0.583, 0.851, 0.527, 0.913, 0.388, 0.085, 0.157, 0.256]	[44.068, 76.183, 5.081, -77.152, -7.291, 23.935, -61.964, 1.407, 40.802, -29.308, 14.399, -28.464]	-26.707
113.999	[0.245, 0.148, 0.481, 1.0, 0.439, 0.409, 0.07, 0.25, 0.032, 0.167, 0.5, 0.258]	[47.127, 78.896, -4.664, -38.859, -24.25, -11.377, -73.531, -20.416, 23.231, 8.728, -10.503, -32.278]	-14.625
114.213	[0.321, 0.256, 0.413, 1.0, 0.196, 0.063, 0.033, 0.124, 0.023, 0.037, 0.223, 0.054]	[43.865, 12.958, -49.849, 42.756, 18.49, -22.256, -55.549, -50.558, 35.779, 19.746, -37.07, -4.979]	-14.615
114.499	[0.484, 1.0, 0.373, 0.308, 0.46, 0.419, 0.173, 0.086, 0.315, 0.334, 0.238, 0.096]	[42.626, -4.582, -19.315, -110.496, -21.202, 9.877, -52.672, 39.39, 37.316, -12.894, 8.142, -29.177]	-24.485
114.625	[0.075, 0.587, 1.0, 0.057, 0.129, 0.548, 0.05, 0.022, 0.037, 0.274, 0.073, 0.021]	[45.865, 72.465, -59.62, -23.53, -8.983, -2.632, -88.973, -28.477, 31.042, 13.03, -38.36, -17.587]	-15.102
114.911	[0.105, 0.671, 1.0, 0.187, 0.124, 0.8, 0.066, 0.031, 0.059, 0.263, 0.053, 0.026]	[42.565, 20.018, -26.956, -79.868, 60.299, 14.322, -11.427, -41.757, -7.448, 35.478, -28.823, -7.813]	-22.841
115.177	[0.088, 0.169, 0.479, 0.078, 0.166, 1.0, 0.22, 0.093, 0.055, 0.343, 0.064, 0.038]	[46.809, -13.05, -26.433, 21.298, 69.103, -13.538, -32.853, -34.548, 0.732, -14.942, -30.421, 22.122]	-22.316
115.554	[0.076, 0.116, 0.345, 0.073, 0.363, 1.0, 0.09, 0.032, 0.014, 0.108, 0.019, 0.012]	[42.152, -68.121, -58.418, -9.486, 56.926, 2.409, -50.436, -37.974, 10.693, -30.658, -21.023, 10.286]	-21.385
115.802	[0.063, 0.263, 1.0, 0.099, 0.057, 0.173, 0.043, 0.023, 0.021, 0.144, 0.034, 0.027]	[43.147, 2.818, -68.837, 10.469, 31.551, -19.784, -85.619, -21.774, 33.402, -2.907, -23.07, 14.565]	-22.151
116.216	[0.163, 0.019, 0.046, 0.015, 0.156, 1.0, 0.14, 0.164, 0.019, 0.134, 0.016, 0.019]	[38.452, -89.492, 1.928, -134.733, 35.958, -12.051, -61.92, 41.015, 33.193, 9.351, 3.091, 7.428]	-27.902
117.069	[0.266, 0.055, 0.064, 0.036, 0.095, 1.0, 0.146, 0.435, 0.052, 0.079, 0.032, 0.03]	[38.039, -88.543, -59.863, -10.034, 20.632, -1.132, -22.835, -15.286, 20.802, 4.139, -19.908, 11.065]	-24.587
117.823	[0.884, 0.244, 0.04, 0.018, 0.134, 1.0, 0.152, 0.349, 0.065, 0.085, 0.064, 0.37]	[38.96, 3.768, -112.091, -50.368, 125.08, -30.318, -13.02, -25.818, 12.122, -40.745, -6.579, 3.956]	-27.665
117.952	[0.205, 0.137, 0.056, 0.077, 0.183, 0.649, 0.579, 0.138, 0.176, 1.0, 0.467, 0.363]	[40.473, -34.833, -60.508, 10.782, 70.087, 35.491, 0.704, -21.573, 17.376, 14.761, -65.164, -3.888]	-25.022
118.228	[0.201, 0.067, 0.025, 0.009, 0.144, 0.926, 0.166, 0.074, 0.313, 1.0, 0.492, 0.226]	[41.183, -37.5, 14.504, -134.592, 31.599, -22.572, 17.73, -10.817, 46.078, 20.601, -5.659, -13.741]	-26.917
118.422	[0.068, 0.048, 0.408, 0.354, 0.252, 0.131, 0.068, 0.053, 0.258, 1.0, 0.375, 0.061]	[46.974, 17.197, 16.224, 8.501, 61.004, -29.776, -14.186, 1.499, 44.183, 9.008, -30.025, 1.488]	-13.256
118.846	[0.133, 0.036, 1.0, 0.082, 0.463, 0.056, 0.083, 0.2, 0.189, 0.868, 0.113, 0.03]	[41.512, -74.965, -26.237, -54.268, 51.612, -12.011, -25.979, -15.518, 1.098, -5.344, -0.911, 30.01]	-23.142
119.271	[0.127, 0.028, 0.279, 0.052, 0.666, 1.0, 0.219, 0.065, 0.03, 0.238, 0.026, 0.03]	[40.814, -110.419, -29.5, -54.877, 62.361, -10.493, -53.393, -7.273, 13.881, -40.87, -0.816, 6.761]	-22.001
119.566	[0.147, 0.048, 0.1, 0.042, 0.163, 0.282, 0.223, 0.117, 0.227, 1.0, 0.884, 0.366]	[43.396, -59.803, -0.265, -71.483, 60.656, 8.468, -59.588, 2.168, 23.392, -23.475, -7.088, -8.976]	-21.666
120.014	[0.401, 0.022, 0.047, 0.012, 0.011, 0.066, 0.088, 0.227, 0.028, 0.05, 0.096, 1.0]	[37.895, -42.142, -101.862, -47.607, 60.902, -14.745, -8.015, -54.797, -5.202, 31.194, -28.813, -11.607]	-25.063
120.216	[0.051, 0.033, 0.16, 0.015, 0.077, 0.552, 0.094, 0.084, 0.045, 0.258, 1.0, 0.049]	[39.705, -103.758, -4.2, -98.5, 59.833, 4.429, -18.746, 26.732, 38.632, -23.677, -17.508, 6.061]	-25.445
120.877	[0.415, 0.105, 1.0, 0.116, 0.258, 0.322, 0.125, 0.062, 0.034, 0.07, 0.474, 0.526]	[36.742, -74.046, -55.103, 16.717, 34.477, -41.877, -64.432, -30.789, 19.307, -13.711, -12.323, 25.423]	-22.296
121.068	[0.323, 0.069, 1.0, 0.03, 0.091, 0.62, 0.101, 0.144, 0.051, 0.051, 0.648, 0.226]	[32.552, -66.605, -43.732, -28.739, 17.894, -16.512, -62.48, -0.66, 11.065, -25.637, -7.097, -1.997]	-29.650
121.411	[0.328, 0.052, 0.054, 0.03, 0.04, 0.127, 0.125, 0.165, 0.62, 0.637, 1.0, 0.064]	[34.21, 149.486, -31.967, -151.061, 6.124, 24.072, -55.891, 43.247, 66.206, -55.096, 17.187, -7.587]	-35.270
121.574	[0.293, 0.822, 1.0, 0.384, 0.098, 0.123, 0.067, 0.033, 0.562, 0.812, 0.188, 0.085]	[46.744, -19.12, 0.012, -62.077, 16.237, -6.359, -61.548, 19.155, 32.608, 26.673, 6.288, -24.133]	-24.763
121.760	[0.053, 0.227, 1.0, 0.043, 0.028, 0.096, 0.038, 0.037, 0.277, 0.689, 0.071, 0.014]	[45.148, 16.799, -51.574, 36.551, 24.509, -2.63, -70.64, -28.182, 40.179, 0.516, -47.024, -10.473]	-14.157
122.259	[0.253, 0.162, 0.625, 0.069, 0.093, 0.448, 0.347, 0.165, 0.645, 1.0, 0.07, 0.044]	[45.231, -36.534, 52.24, -35.3, 81.066, 44.958, 24.634, -22.032, 20.454, 35.063, 3.673, 11.514]	-25.268
122.822	[0.129, 0.17, 0.434, 0.031, 0.067, 0.317, 0.053, 0.045, 0.141, 1.0, 0.383, 0.03]	[43.969, -70.368, 34.083, -4.155, 91.498, -19.168, -6.824, 24.845, -0.742, -18.927, -19.483, 17.607]	-18.463
123.136	[0.224, 0.303, 0.809, 0.126, 0.074, 0.612, 0.204, 1.0, 0.209, 0.595, 0.081, 0.06]	[34.243, -158.449, -9.335, -39.812, 60.47, -30.942, -6.863, 15.909, 5.843, 6.22, 1.268, 23.8]	-28.610
123.327	[0.124, 0.047, 0.071, 0.024, 0.369, 1.0, 0.369, 0.286, 0.039, 0.054, 0.012, 0.021]	[43.137, -63.209, -61.21, 112.284, 41.156, -7.958, 10.161, -14.308, 34.326, 10.162, -52.873, 16.825]	-27.138
123.606	[0.235, 0.03, 0.095, 0.049, 0.376, 1.0, 0.157, 0.757, 0.12, 0.078, 0.021, 0.028]	[41.967, -19.883, 19.823, -84.925, 38.02, 59.877, 11.716, 14.948, 46.098, -36.054, 19.322, -16.989]	-29.180
123.982	[0.205, 0.034, 0.083, 0.028, 0.104, 0.742, 0.21, 1.0, 0.04, 0.068, 0.031, 0.062]	[45.247, 2.842, 45.148, -0.446, 57.135, -15.083, -9.744, 2.128, 28.112, 5.451, -21.599, 2.209]	-16.289
124.208	[0.321, 0.071, 0.054, 0.027, 0.187, 1.0, 0.432, 0.77, 0.109, 0.091, 0.058, 0.045]	[43.572, -56.841, -29.395, 78.422, 37.786, -13.335, -7.503, -9.869, 22.088, 16.791, -25.248, 6.592]	-23.330
124.678	[0.2, 0.196, 1.0, 0.058, 0.095, 0.828, 0.087, 0.434, 0.042, 0.098, 0.01, 0.02]	[37.275, -64.112, -23.862, -40.568, 8.138, -18.969, -48.795, -24.113, 5.59, -12.516, -13.765, 12.592]	-24.740
124.910	[0.054, 0.193, 1.0, 0.049, 0.065, 0.316, 0.103, 0.208, 0.031, 0.15, 0.022, 0.033]	[36.986, -51.011, -13.995, -36.411, 5.059, -18.297, -62.803, -3.787, -3.06, -13.139, -7.03, 2.304]	-24.406
125.153	[0.044, 0.043, 0.585, 1.0, 0.071, 0.102, 0.029, 0.016, 0.007, 0.021, 0.243, 0.059]	[35.368, -102.099, -80.164, -24.055, 5.12, -43.688, -26.911, -5.549, 2.295, 4.318, -21.567, 15.337]	-25.290
125.737	[0.043, 0.676, 1.0, 0.953, 0.246, 0.279, 0.031, 0.026, 0.01, 0.095, 0.527, 0.041]	[29.24, -166.884, -86.392, -58.126, 56.056, -42.149, -20.468, -0.891, -7.452, -8.381, 3.13, 1.778]	-32.175
126.007	[0.137, 0.122, 0.228, 1.0, 0.128, 0.247, 0.068, 0.349, 0.026, 0.027, 0.108, 0.134]	[32.337, -188.56, -90.091, -46.127, 19.101, -29.093, -19.984, -9.168, 10.367, 7.821, -7.323, 8.694]	-31.493
126.439	[0.058, 0.025, 0.169, 1.0, 0.312, 0.447, 0.032, 0.244, 0.047, 0.022, 0.056, 0.02]	[34.259, -61.534, -125.89, 6.057, 56.593, -5.08, -39.294, -78.383, 39.261, -10.458, -14.526, 11.575]	-32.740
126.684	[0.158, 0.062, 0.33, 1.0, 0.166, 0.234, 0.052, 0.108, 0.019, 0.073, 0.433, 0.212]	[29.318, -174.896, -80.916, -22.86, 42.974, -13.561, -14.221, -15.989, 16.496, -21.796, -20.958, 8.775]	-32.828
127.320	[0.059, 0.017, 0.145, 1.0, 0.129, 0.062, 0.053, 0.106, 0.03, 0.017, 0.131, 0.118]	[29.313, -183.91, -123.92, -26.524, 16.115, -31.854, -6.954, -1.176, 6.819, 0.673, -1.901, -1.036]	-35.972
127.752	[0.175, 0.055, 0.293, 1.0, 0.393, 0.292, 0.035, 0.105, 0.023, 0.104, 0.556, 0.198]	[29.007, -176.703, -70.854, -123.291, 6.71, -31.362, 0.153, 25.299, 15.907, 7.505, 19.272, -4.772]	-36.398
128.013	[0.039, 0.019, 0.338, 1.0, 0.116, 0.358, 0.047, 0.313, 0.025, 0.035, 0.275, 0.047]	[33.83, -114.553, -76.929, -22.717, 13.54, -17.922, -28.117, -17.78, 9.964, -5.568, -12.561, 8.359]	-28.063
128.460	[0.655, 0.583, 0.614, 0.814, 0.352, 1.0, 0.202, 0.143, 0.16, 0.088, 0.111, 0.401]	[31.713, -87.917, -26.77, -140.511, 31.124, -18.317, -56.556, 59.765, 49.248, -18.179, 21.861, -0.099]	-33.441
128.651	[0.083, 0.335, 1.0, 0.139, 0.384, 0.573, 0.075, 0.19, 0.044, 0.451, 0.189, 0.055]	[38.195, -51.099, -63.391, -83.92, 11.726, 10.803, -29.853, -53.866, 35.018, 11.086, -20.319, 8.189]	-26.711
129.058	[0.192, 0.894, 0.177, 0.319, 1.0, 0.255, 0.071, 0.165, 0.014, 0.015, 0.031, 0.016]	[39.429, -143.473, -45.166, -43.426, 58.339, -40.465, -37.785, -5.02, -6.642, -4.965, -0.704, 14.085]	-22.401
129.231	[0.209, 0.657, 1.0, 0.163, 0.06, 0.1, 0.038, 0.05, 0.014, 0.028, 0.014, 0.006]	[40.592, -66.999, -51.642, -48.15, 49.273, -30.809, -49.179, -12.022, 35.274, -4.416, 12.041, 33.698]	-22.068
129.380	[0.271, 0.578, 1.0, 0.119, 0.094, 0.27, 0.069, 0.059, 0.021, 0.029, 0.043, 0.009]	[40.961, -63.999, -33.127, -61.502, 79.988, -40.883, -41.115, -15.985, 48.659, 12.155, 2.506, 28.495]	-20.699
129.496	[0.179, 0.424, 1.0, 0.243, 0.053, 0.175, 0.121, 0.104, 0.129, 0.425, 0.092, 0.032]	[44.516, -64.233, 0.846, -49.294, 69.88, -46.41, -13.552, 10.668, 28.563, 18.729, 13.417, 2.054]	-19.085
129.631	[0.167, 0.1, 1.0, 0.328, 0.186, 0.433, 0.182, 0.24, 0.043, 0.364, 0.063, 0.038]	[43.939, -45.686, -17.169, 25.779, 57.699, -28.116, -30.307, 3.41, 31.145, 7.53, -45.064, 29.785]	-14.870
130.300	[0.698, 0.527, 0.849, 0.472, 1.0, 0.237, 0.133, 0.238, 0.112, 0.229, 0.096, 0.444]	[44.732, -42.387, 10.524, -13.223, 68.96, -28.988, 3.882, -8.236, 44.041, 18.529, 19.085, 10.2]	-25.870
130.409	[0.18, 0.022, 0.11, 0.078, 0.634, 1.0, 0.234, 0.215, 0.035, 0.062, 0.049, 0.121]	[46.206, -34.536, 28.552, -28.474, 35.387, -46.019, 40.407, 17.481, 30.996, 20.663, 0.856, 24.251]	-15.935
130.810	[0.173, 0.021, 0.081, 0.063, 0.636, 1.0, 0.113, 0.224, 0.03, 0.064, 0.031, 0.152]	[45.747, 11.343, 30.09, 16.63, 49.747, -52.913, 9.055, -9.273, 34.361, 16.506, -10.294, 31.575]	-14.022
131.338	[0.205, 0.032, 0.113, 0.244, 0.696, 1.0, 0.261, 0.535, 0.112, 0.147, 0.054, 0.056]	[41.35, -60.848, -34.26, 5.251, 38.703, -29.401, -32.416, -5.185, 45.028, 15.726, -39.143, 9.3]	-17.794
131.704	[0.418, 0.116, 0.236, 0.12, 0.151, 0.805, 0.11, 1.0, 0.173, 0.197, 0.069, 0.102]	[31.407, -68.84, -50.617, -12.552, 32.026, -28.52, -39.343, -11.539, 32.462, -10.43, -19.234, 12.933]	-29.146
132.069	[0.284, 0.13, 0.187, 0.182, 0.397, 1.0, 0.799, 0.814, 0.327, 0.166, 0.203, 0.16]	[35.298, 139.452, -94.0, -80.794, 86.086, -19.313, -41.619, -2.503, 69.074, -29.171, 28.006, 17.399]	-33.642
132.168	[0.041, 0.013, 0.035, 0.034, 0.165, 0.166, 0.028, 0.024, 0.025, 1.0, 0.111, 0.021]	[40.076, -37.589, -42.682, -4.264, 30.734, 9.798, -25.028, -9.708, 15.537, 10.283, -48.193, 15.327]	-25.294
133.090	[0.37, 0.04, 1.0, 0.423, 0.182, 0.11, 0.088, 0.327, 0.223, 0.815, 0.184, 0.029]	[38.06, -130.715, -22.526, -38.584, 48.725, 2.132, -21.317, -1.425, 19.354, 5.372, -21.973, 12.237]	-28.376
133.503	[0.081, 0.029, 0.267, 0.111, 1.0, 0.85, 0.051, 0.243, 0.067, 0.124, 0.025, 0.076]	[40.466, -59.834, 36.571, -78.0, 27.023, 29.165, -17.983, -18.491, 0.16, 3.514, 15.826, -7.166]	-29.157
133.776	[0.073, 0.025, 0.16, 0.092, 1.0, 0.071, 0.047, 0.052, 0.066, 0.089, 0.029, 0.067]	[45.08, 8.421, 22.403, -44.362, 30.308, -21.204, -63.759, 15.692, 25.594, -13.708, 9.288, -13.862]	-18.203
133.962	[0.017, 0.004, 0.022, 0.043, 0.117, 0.035, 0.011, 0.011, 0.011, 0.141, 1.0, 0.044]	[43.561, 18.66, -61.515, 19.978, 14.795, -9.825, -48.669, -20.672, 44.957, 5.675, -54.422, -3.249]	-16.124
134.832	[0.096, 0.023, 0.533, 0.022, 0.023, 0.441, 0.074, 0.044, 0.028, 0.225, 1.0, 0.035]	[33.99, -144.77, -45.996, -9.679, 28.001, -17.517, -44.024, 1.277, 5.206, 24.958, -0.534, 5.593]	-28.808
135.667	[0.418, 0.879, 1.0, 0.705, 0.349, 0.115, 0.07, 0.042, 0.229, 0.422, 0.257, 0.185]	[34.297, -89.047, 3.329, -239.522, 38.085, -17.079, 6.323, 20.678, 13.098, 11.698, 67.067, 12.151]	-36.825
135.866	[0.17, 0.146, 1.0, 0.184, 0.336, 0.514, 0.048, 0.02, 0.034, 0.199, 0.039, 0.069]	[47.488, -13.032, 11.338, -7.226, 54.762, -26.962, -4.753, 10.04, 22.223, 9.19, -19.332, 29.534]	-13.200
136.574	[0.229, 0.267, 1.0, 0.164, 0.11, 0.719, 0.264, 0.079, 0.034, 0.449, 0.043, 0.048]	[42.856, -1.739, -42.148, -3.954, 36.735, -9.802, -3.788, -55.405, -18.019, 37.974, -19.07, 33.223]	-19.768
136.875	[0.171, 0.11, 0.702, 0.052, 0.203, 1.0, 0.088, 0.033, 0.043, 0.314, 0.026, 0.029]	[41.411, -60.802, -0.212, -28.897, 57.107, 17.892, -14.454, -1.026, 28.116, -15.491, -37.081, 15.424]	-22.064
137.381	[0.389, 0.536, 1.0, 0.248, 0.186, 0.66, 0.141, 0.062, 0.256, 0.851, 0.281, 0.068]	[39.174, 26.69, -40.256, -29.488, 51.333, -13.138, -54.213, -46.441, 30.416, -12.815, 0.34, 20.645]	-27.033
137.481	[0.097, 0.027, 0.142, 0.107, 1.0, 0.995, 0.179, 0.062, 0.025, 0.257, 0.027, 0.029]	[39.851, -70.913, -50.591, -43.572, 16.787, -14.38, -49.441, -7.174, 27.58, 0.097, 0.831, 8.432]	-23.259
138.186	[0.426, 0.698, 1.0, 0.195, 0.092, 0.293, 0.061, 0.071, 0.025, 0.13, 0.04, 0.177]	[36.241, -98.906, -65.89, -81.952, 86.488, -46.963, -32.159, 68.091, 7.082, -14.147, 2.086, 26.938]	-26.606
138.328	[0.291, 0.295, 0.245, 0.115, 0.081, 1.0, 0.149, 0.108, 0.121, 0.646, 0.041, 0.053]	[38.685, -92.834, -83.456, -37.972, 55.777, -23.592, -9.294, -27.751, -2.979, 15.031, -35.568, 18.422]	-25.223
138.827	[1.0, 0.117, 0.031, 0.031, 0.103, 0.784, 0.061, 0.139, 0.022, 0.268, 0.044, 0.396]	[33.748, -178.136, -44.235, -2.852, 34.523, -41.484, -13.283, -26.157, 10.19, 1.909, -6.39, 20.817]	-27.166
139.053	[0.417, 0.217, 0.471, 1.0, 0.24, 0.218, 0.095, 0.219, 0.067, 0.39, 0.592, 0.445]	[34.771, -164.069, -26.256, -51.211, 60.324, -2.799, -1.057, 30.129, 21.027, -6.192, -7.585, 11.138]	-30.400
139.668	[0.073, 0.044, 0.359, 1.0, 0.176, 0.077, 0.035, 0.18, 0.065, 0.397, 0.182, 0.025]	[33.576, -82.691, -35.793, -101.962, 35.235, -10.027, -4.015, 12.269, 38.933, -1.558, 0.785, 9.016]	-31.139
140.081	[0.061, 0.015, 0.064, 1.0, 0.059, 0.108, 0.031, 0.195, 0.038, 0.114, 0.093, 0.12]	[34.163, -65.789, -60.661, -30.063, 14.299, -20.799, -28.969, -17.352, 28.123, 9.513, -36.54, 8.273]	-26.868
140.869	[0.166, 0.061, 0.381, 1.0, 0.101, 0.164, 0.046, 0.134, 0.035, 0.125, 0.485, 0.288]	[27.544, -165.047, -89.805, -48.129, 11.186, -17.332, -17.283, -29.539, 4.397, -4.47, -28.216, -4.68]	-34.464
141.485	[0.042, 0.011, 0.08, 1.0, 0.161, 0.048, 0.022, 0.19, 0.012, 0.014, 0.079, 0.103]	[28.743, -183.036, -120.319, -17.617, 2.507, -8.484, -13.726, -5.141, 14.912, 2.611, -1.691, -15.165]	-36.544
141.980	[0.46, 1.0, 0.116, 0.387, 0.123, 0.155, 0.053, 0.214, 0.169, 0.115, 0.43, 0.28]	[24.942, -201.593, -104.99, -77.207, -4.988, -48.268, -4.658, 6.727, -3.872, 6.503, 1.221, -22.049]	-36.364
142.123	[0.025, 0.012, 0.19, 1.0, 0.047, 0.047, 0.031, 0.155, 0.016, 0.014, 0.15, 0.036]	[26.281, -124.02, -97.924, -68.906, -12.104, -29.048, -17.627, 40.064, 16.367, -12.723, -18.396, -1.414]	-35.230
142.712	[0.455, 0.868, 0.868, 1.0, 0.552, 0.643, 0.108, 0.129, 0.298, 0.28, 0.758, 0.415]	[23.544, -105.464, -54.731, -55.936, 18.907, -33.327, -9.344, -3.664, 18.587, -7.519, 5.581, -4.04]	-41.973
142.803	[0.159, 0.196, 1.0, 0.161, 0.279, 0.703, 0.038, 0.025, 0.025, 0.257, 0.067, 0.057]	[38.312, -128.276, 6.232, -107.903, 81.389, 37.972, 31.331, 31.705, 17.132, 29.225, -2.924, 1.422]	-37.032
143.668	[0.335, 0.512, 1.0, 0.703, 0.286, 0.432, 0.137, 0.114, 0.107, 0.231, 0.331, 0.255]	[41.368, -44.975, -11.885, -24.764, 52.516, -41.884, -21.157, -17.34, 39.646, 4.947, 10.576, 21.603]	-24.343
143.737	[0.233, 0.173, 1.0, 0.158, 0.093, 0.835, 0.151, 0.076, 0.034, 0.399, 0.058, 0.028]	[40.749, -107.872, -33.579, 33.76, 29.251, -21.137, -18.971, -21.015, 9.724, -2.496, -33.544, 23.357]	-19.162
144.137	[0.149, 0.109, 0.269, 0.046, 0.123, 1.0, 0.084, 0.032, 0.052, 0.114, 0.042, 0.026]	[39.845, -82.551, -23.652, -9.132, 29.732, -27.285, -47.568, -50.65, -19.821, 0.483, -7.658, 1.258]	-26.458
144.375	[0.241, 0.172, 0.201, 0.232, 1.0, 0.924, 0.534, 0.179, 0.088, 0.222, 0.029, 0.093]	[39.857, -104.593, -42.509, -17.326, 34.959, -20.104, -55.12, -4.43, 4.483, -27.859, -2.332, 2.477]	-22.645
144.740	[0.174, 0.034, 0.121, 0.05, 1.0, 0.92, 0.121, 0.073, 0.019, 0.247, 0.022, 0.048]	[36.785, -133.979, -79.897, -28.927, 63.716, -53.482, -16.623, -11.108, 15.766, -4.887, -5.929, 28.041]	-23.203
145.189	[0.336, 0.074, 0.086, 0.141, 1.0, 0.449, 0.068, 0.044, 0.019, 0.164, 0.029, 0.121]	[34.09, -158.555, -61.609, -66.625, 82.777, -51.622, -24.391, 17.109, 7.886, -9.423, -2.515, 26.335]	-27.099
145.380	[0.653, 0.088, 0.153, 0.176, 0.283, 1.0, 0.102, 0.185, 0.061, 0.451, 0.035, 0.038]	[37.111, -104.724, -75.756, 29.953, 27.312, -4.01, -32.807, -19.525, 7.26, -4.803, -18.162, 5.858]	-28.599
146.094	[0.425, 0.043, 0.095, 0.072, 0.675, 1.0, 0.105, 0.115, 0.054, 0.308, 0.088, 0.087]	[35.024, 15.431, -107.999, -99.713, 150.105, -21.378, -12.103, 43.331, -4.382, -71.436, 16.637, -3.405]	-31.977
146.350	[0.304, 0.054, 0.018, 0.184, 0.296, 0.066, 0.273, 0.279, 0.918, 1.0, 0.931, 0.02]	[42.392, -5.038, -46.134, -68.71, 36.508, -6.308, -8.959, -48.153, 16.09, 52.48, -22.385, 4.029]	-29.907
146.511	[0.053, 0.013, 0.011, 0.073, 0.32, 0.48, 0.023, 0.017, 0.053, 1.0, 0.219, 0.027]	[41.652, -118.433, -12.33, -3.408, 58.405, -25.969, 11.041, -7.696, 13.49, -0.926, -39.048, 10.181]	-18.298
147.109	[0.134, 0.106, 0.986, 0.693, 0.558, 0.358, 0.485, 0.874, 0.85, 1.0, 0.67, 0.142]	[37.969, -126.109, -10.814, -75.412, 49.506, -34.061, -15.85, 26.722, 22.823, -3.209, 6.22, 23.5]	-25.187
147.250	[0.292, 0.044, 1.0, 0.101, 0.499, 0.059, 0.038, 0.33, 0.204, 0.636, 0.138, 0.027]	[42.822, -37.841, -33.025, -34.374, 37.511, -20.054, -58.163, -6.958, 39.962, 7.98, 5.937, 13.074]	-21.853
147.656	[0.098, 0.043, 0.241, 0.105, 0.981, 1.0, 0.034, 0.09, 0.07, 0.299, 0.034, 0.023]	[38.728, -83.831, -38.964, 6.599, 50.792, -26.663, -61.492, -51.324, 24.124, 6.268, -1.421, 16.175]	-26.057
147.906	[0.023, 0.006, 0.019, 0.011, 0.146, 0.052, 0.038, 0.019, 0.017, 0.148, 1.0, 0.072]	[40.416, -73.245, -10.231, -101.033, 38.471, 26.169, -57.978, 39.575, 46.171, -24.221, -6.187, 1.952]	-26.543
148.968	[0.138, 0.04, 0.528, 0.036, 0.05, 0.401, 0.106, 0.032, 0.022, 0.342, 1.0, 0.115]	[37.143, -83.263, -53.854, -23.122, 35.731, -10.737, -38.887, -24.212, 4.244, -17.983, -1.029, 15.134]	-26.768
149.363	[0.118, 0.041, 0.663, 0.036, 0.057, 0.292, 0.05, 0.057, 0.037, 0.287, 1.0, 0.041]	[32.316, -112.373, -49.111, -19.612, 23.698, -21.199, -63.193, -8.39, 3.386, -25.563, -25.361, 4.878]	-28.700
149.883	[0.042, 0.169, 1.0, 0.036, 0.084, 0.39, 0.112, 0.012, 0.012, 0.297, 0.085, 0.013]	[35.873, -59.955, -30.089, -174.289, 16.477, 28.667, -16.666, 32.407, 37.048, -11.473, 5.233, -6.925]	-35.489
150.581	[0.143, 0.821, 1.0, 0.245, 0.11, 0.452, 0.069, 0.024, 0.054, 0.31, 0.114, 0.058]	[36.668, 121.183, -142.992, -93.437, 101.898, -49.847, -44.562, -3.909, -15.041, -8.493, -12.001, -24.932]	-25.020
150.796	[0.386, 0.706, 1.0, 0.246, 0.096, 0.513, 0.264, 0.082, 0.108, 0.621, 0.186, 0.142]	[43.621, -46.71, -6.364, -40.662, 67.405, -5.519, -27.312, 9.923, 47.056, 30.553, 9.939, -0.669]	-26.015
150.935	[0.096, 0.165, 1.0, 0.293, 0.103, 0.311, 0.06, 0.037, 0.02, 0.224, 0.026, 0.014]	[43.382, -25.88, -5.028, -13.033, 53.647, -23.713, -52.301, 3.508, 44.076, 6.23, -22.279, 8.281]	-16.636
151.318	[0.478, 0.642, 0.466, 0.185, 0.374, 1.0, 0.205, 0.067, 0.102, 0.236, 0.111, 0.105]	[38.063, -41.704, -6.533, -6.409, 50.673, -22.791, -37.731, -15.906, 27.812, -0.295, -25.846, 0.462]	-22.228
151.429	[0.122, 0.209, 0.439, 1.0, 0.069, 0.182, 0.064, 0.03, 0.025, 0.237, 0.102, 0.026]	[42.612, -83.544, 14.9, -7.037, 82.623, -4.162, -28.414, -20.319, 15.909, 26.207, 11.083, -0.361]	-26.175
151.564	[0.149, 0.035, 0.106, 0.077, 0.851, 1.0, 0.137, 0.066, 0.04, 0.257, 0.041, 0.102]	[42.879, -79.993, 40.961, -12.577, 64.683, -26.66, -0.851, 15.537, 16.353, 5.263, 2.664, 10.761]	-19.302
152.558	[0.193, 0.021, 0.043, 0.201, 0.525, 1.0, 0.181, 0.169, 0.063, 0.228, 0.066, 0.034]	[35.667, -156.494, -59.947, -31.868, 47.477, -35.613, -13.333, -21.515, 3.553, 15.198, -22.969, 24.046]	-24.720
152.862	[0.663, 0.079, 0.054, 0.05, 0.121, 1.0, 0.1, 0.109, 0.049, 0.274, 0.08, 0.102]	[32.856, -116.864, -70.038, 21.615, 35.074, -32.218, -30.268, -35.249, 17.694, -2.743, -22.041, 18.87]	-27.906
153.369	[0.64, 1.0, 0.975, 0.495, 0.247, 0.919, 0.259, 0.072, 0.307, 0.603, 0.287, 0.338]	[39.323, -92.062, 21.298, -146.279, 40.864, -14.101, -32.405, 44.026, 34.757, -5.152, 50.218, 4.453]	-34.642
153.565	[0.054, 0.201, 1.0, 0.17, 0.224, 0.263, 0.039, 0.015, 0.013, 0.202, 0.037, 0.015]	[45.002, 57.365, -51.099, -14.834, -11.597, -16.107, -84.191, -19.308, 43.605, 10.131, -32.808, -14.75]	-14.442
154.088	[0.226, 0.79, 1.0, 0.272, 0.075, 0.15, 0.1, 0.04, 0.062, 0.261, 0.061, 0.044]	[36.964, 118.677, -131.68, -85.828, 99.873, -50.379, -27.372, -0.814, 5.977, -21.759, -13.068, -8.968]	-24.912
154.309	[0.136, 0.172, 0.585, 0.195, 0.174, 0.518, 0.21, 0.076, 0.165, 1.0, 0.13, 0.055]	[42.289, -69.451, -7.382, -59.727, 54.438, 16.584, -10.055, 2.268, 32.646, 14.492, -0.628, -1.837]	-26.402
154.541	[0.114, 0.236, 1.0, 0.226, 0.19, 0.793, 0.175, 0.024, 0.021, 0.47, 0.023, 0.017]	[42.72, -42.172, -11.939, -34.021, 21.695, -33.2, -46.358, 16.565, 38.418, -2.318, 3.005, 1.623]	-18.314
154.865	[0.374, 0.807, 0.755, 0.265, 0.338, 1.0, 0.16, 0.092, 0.185, 0.62, 0.222, 0.054]	[41.201, -12.266, -21.649, -4.301, 35.832, -34.498, -46.771, -33.253, 42.08, 4.643, -17.528, 14.765]	-18.600
154.976	[0.236, 0.655, 1.0, 0.835, 0.244, 0.203, 0.108, 0.051, 0.055, 0.87, 0.259, 0.079]	[40.535, -89.853, 20.691, -5.887, 47.26, -41.871, -4.061, -15.513, 17.152, 16.255, 10.998, -1.744]	-22.676
155.156	[0.065, 0.062, 0.095, 0.055, 0.486, 1.0, 0.485, 0.064, 0.04, 0.158, 0.023, 0.059]	[42.437, -104.168, 49.593, -16.973, 23.872, -34.638, 45.302, 8.761, -2.909, 6.718, -6.362, 7.275]	-20.143
155.400	[0.431, 0.049, 0.157, 0.051, 0.908, 1.0, 0.115, 0.087, 0.023, 0.249, 0.053, 0.227]	[42.682, -90.498, 58.171, -7.643, 22.581, -42.71, 40.563, 33.656, 1.299, -2.443, -2.92, 2.868]	-18.845
156.154	[0.803, 0.119, 0.071, 0.053, 0.158, 1.0, 0.153, 0.238, 0.053, 0.575, 0.106, 0.164]	[37.906, -124.364, -37.142, 43.396, 16.419, -50.997, -44.123, 17.062, 17.498, -7.159, -15.399, 11.496]	-19.317
156.910	[0.039, 0.157, 1.0, 0.085, 0.343, 0.423, 0.047, 0.022, 0.047, 0.42, 0.091, 0.02]	[39.508, -75.693, -13.459, -122.499, 51.193, 13.154, -62.359, 61.405, 40.827, -21.536, 7.337, 5.191]	-31.959
157.607	[0.08, 0.687, 1.0, 0.173, 0.089, 0.428, 0.113, 0.039, 0.066, 0.628, 0.086, 0.049]	[37.6, 98.174, -125.053, -92.472, 109.105, -48.523, -30.347, 26.091, 4.322, -37.195, -1.36, -1.212]	-25.162
157.862	[0.187, 0.38, 1.0, 0.364, 0.129, 0.213, 0.239, 0.165, 0.256, 0.129, 0.054, 0.081]	[43.329, -52.532, 4.827, -65.779, 77.076, 18.0, -23.535, 3.135, 24.276, 31.716, 4.513, -5.093]	-24.985
157.984	[0.131, 0.139, 1.0, 0.245, 0.179, 0.812, 0.105, 0.047, 0.037, 0.422, 0.021, 0.012]	[45.164, -0.131, -18.598, -40.689, 29.132, -30.485, -63.927, 4.465, 38.425, 2.343, 2.632, 9.396]	-16.118
158.528	[0.091, 0.177, 1.0, 0.795, 0.202, 0.381, 0.145, 0.051, 0.038, 0.417, 0.156, 0.038]	[45.496, -30.175, 49.603, -1.988, 63.377, -37.664, -32.505, -15.361, 16.468, 18.074, -0.372, -1.721]	-18.221
158.743	[0.083, 0.017, 0.122, 0.062, 0.611, 1.0, 0.153, 0.043, 0.029, 0.226, 0.024, 0.074]	[45.564, -66.257, 29.583, -10.102, 25.145, -53.198, 29.976, 15.88, 14.979, 8.389, -1.312, 7.032]	-15.294
159.277	[0.269, 0.036, 0.121, 0.107, 1.0, 0.578, 0.028, 0.042, 0.013, 0.128, 0.029, 0.158]	[43.992, -68.895, 37.845, 12.638, 59.44, -19.695, 9.437, 12.531, 13.762, -0.287, -19.9, 17.058]	-17.192
159.615	[0.153, 0.022, 0.065, 0.34, 0.231, 1.0, 0.294, 0.19, 0.064, 0.387, 0.028, 0.019]	[40.745, -95.878, -77.375, -1.751, 40.894, -9.479, -28.309, -30.114, 21.996, 12.27, -19.698, 16.745]	-24.882
160.027	[1.0, 0.346, 0.377, 0.518, 0.419, 0.428, 0.069, 0.136, 0.027, 0.431, 0.477, 0.321]	[35.854, -108.245, -6.458, -99.151, 35.154, -34.233, -52.728, 44.791, 19.558, -5.475, 12.212, 9.975]	-27.442
160.562	[0.1, 0.029, 0.204, 1.0, 0.062, 0.113, 0.025, 0.203, 0.041, 0.239, 0.434, 0.076]	[35.76, -124.726, -66.882, 24.638, 14.125, -41.122, 0.643, -27.846, 10.166, -0.063, -28.421, 13.497]	-23.140
161.211	[0.138, 0.268, 0.513, 1.0, 0.43, 0.123, 0.053, 0.379, 0.163, 0.311, 0.149, 0.027]	[27.89, -204.306, -27.86, -30.597, 30.494, -54.8, 27.913, 15.513, 8.306, -1.927, 3.17, 6.395]	-32.915
161.403	[0.083, 0.017, 0.054, 1.0, 0.044, 0.104, 0.02, 0.133, 0.034, 0.033, 0.164, 0.076]	[30.345, -180.319, -65.756, -35.691, 19.614, -10.192, 6.917, 3.348, 21.602, -26.004, -26.293, 7.756]	-32.295
162.159	[0.067, 0.019, 0.28, 1.0, 0.057, 0.045, 0.035, 0.27, 0.032, 0.034, 0.269, 0.062]	[27.083, -197.784, -107.715, -29.664, -1.716, -38.853, 1.423, 1.333, 5.003, -3.861, -13.305, -8.814]	-33.302
162.730	[0.056, 0.011, 0.093, 1.0, 0.059, 0.04, 0.033, 0.155, 0.036, 0.02, 0.095, 0.142]	[27.159, -193.867, -93.935, -59.724, 17.499, -20.457, 4.906, 23.64, 5.422, -16.666, -23.718, -0.509]	-37.408
163.289	[0.434, 0.481, 0.412, 1.0, 0.801, 0.388, 0.168, 0.285, 0.112, 0.203, 0.319, 0.356]	[25.648, -180.145, -76.347, -79.993, -11.64, -32.735, -5.733, -0.695, -11.088, 1.348, -0.992, -18.815]	-37.190
163.478	[0.065, 0.045, 0.364, 1.0, 0.254, 0.043, 0.046, 0.293, 0.032, 0.048, 0.31, 0.079]	[28.055, -184.614, -115.541, -27.02, -4.192, -41.581, -0.333, -1.657, 6.98, 5.957, -7.359, -4.302]	-34.370
163.738	[0.034, 0.171, 0.422, 1.0, 0.289, 0.05, 0.027, 0.167, 0.03, 0.017, 0.105, 0.03]	[32.231, -146.542, -30.846, -16.175, -14.724, -39.621, 7.875, 0.631, -7.345, -1.258, 1.545, 15.529]	-35.898
163.951	[0.038, 0.044, 0.133, 0.461, 0.09, 0.141, 0.022, 0.055, 0.031, 0.378, 1.0, 0.152]	[31.247, -200.396, -23.405, -22.668, -10.428, -39.059, 28.315, 1.755, -17.427, -2.454, -3.076, 19.226]	-30.590
164.149	[0.102, 0.018, 0.288, 1.0, 0.065, 0.036, 0.015, 0.146, 0.025, 0.018, 0.206, 0.07]	[34.459, -173.515, -34.775, 2.483, -15.297, -21.578, 23.52, 10.057, -4.307, 9.521, -15.128, 20.62]	-30.753
164.584	[0.061, 0.043, 0.137, 0.704, 0.094, 0.125, 0.011, 0.178, 0.023, 0.147, 1.0, 0.04]	[30.337, -215.063, -38.209, -41.242, -4.224, -37.992, 10.895, 5.469, -4.222, -2.833, -0.741, -2.601]	-31.382
164.884	[0.605, 0.959, 0.28, 0.443, 0.212, 0.574, 0.272, 1.0, 0.187, 0.202, 0.858, 0.776]	[29.806, -200.63, -22.972, -37.8, 12.302, -40.703, 10.538, 6.96, 11.578, -0.348, 5.313, 4.481]	-31.819
164.995	[0.104, 0.019, 0.033, 1.0, 0.07, 0.051, 0.038, 0.557, 0.025, 0.032, 0.172, 0.084]	[34.046, -168.06, -36.902, -67.364, -3.163, 10.355, 4.951, 12.746, 14.743, -14.273, -15.309, 3.721]	-30.717
165.723	[0.154, 0.015, 0.282, 1.0, 0.063, 0.124, 0.078, 0.537, 0.034, 0.025, 0.163, 0.07]	[31.648, -195.607, -54.045, -12.882, 9.433, -40.478, 10.478, -6.863, 0.929, -3.799, -7.635, 12.59]	-29.082
166.237	[0.091, 0.012, 0.052, 1.0, 0.113, 0.074, 0.08, 0.2, 0.043, 0.031, 0.151, 0.17]	[29.8, -190.565, -62.241, -49.67, 12.198, -18.565, 8.79, 23.59, 5.795, -19.97, -20.052, 1.635]	-33.192
166.834	[0.933, 1.0, 0.134, 0.477, 0.171, 0.088, 0.109, 0.237, 0.159, 0.152, 0.48, 0.147]	[27.129, -205.159, -61.338, -70.769, 12.744, -45.189, 14.698, 10.65, -2.659, -0.875, -4.442, -4.682]	-34.410
166.974	[0.025, 0.018, 0.226, 1.0, 0.08, 0.242, 0.072, 0.218, 0.061, 0.038, 0.308, 0.07]	[29.623, -160.62, -102.763, 3.231, 33.539, 1.363, -12.14, -33.962, 3.923, -14.696, -14.149, -10.445]	-33.473
167.806	[0.204, 0.01, 0.014, 0.077, 0.328, 1.0, 0.111, 0.187, 0.02, 0.014, 0.028, 0.121]	[23.888, -229.585, -126.713, -23.591, 31.478, -57.934, 12.769, 47.084, -17.137, -4.9, -0.3, -8.147]	-36.722
168.746	[0.105, 0.021, 0.028, 0.118, 0.064, 1.0, 0.058, 0.174, 0.027, 0.02, 0.027, 0.189]	[19.403, -187.813, -120.157, -55.099, 64.878, -63.887, 12.904, 30.703, -19.038, -7.451, -5.667, 2.508]	-41.497
169.649	[0.242, 0.033, 0.044, 0.088, 0.044, 1.0, 0.058, 0.236, 0.022, 0.016, 0.03, 0.067]	[16.331, -156.33, -151.236, -65.453, 73.875, -60.24, -9.983, 32.529, -2.272, 2.253, -7.308, 6.893]	-44.115
170.532	[0.469, 0.034, 0.065, 0.068, 0.053, 1.0, 0.077, 0.95, 0.094, 0.036, 0.023, 0.213]	[17.264, -169.411, -142.255, -64.251, 81.664, -35.162, -5.154, 32.584, -14.219, 24.356, 4.108, 6.825]	-47.787
171.462	[0.364, 0.074, 0.043, 0.077, 0.582, 1.0, 0.172, 0.338, 0.049, 0.095, 0.122, 0.286]	[16.804, -162.133, -129.839, -86.804, 83.696, -43.194, -1.909, 9.171, -11.902, 9.816, -8.862, 8.477]	-47.012
172.390	[0.331, 0.031, 0.02, 0.013, 0.078, 1.0, 0.02, 0.077, 0.017, 0.021, 0.015, 0.03]	[22.91, -232.562, -75.689, -20.099, 102.877, -43.518, -27.647, 38.84, -28.993, -8.225, -4.663, -1.413]	-44.667
173.070	[0.265, 0.021, 0.01, 0.01, 0.136, 1.0, 0.175, 0.063, 0.019, 0.016, 0.01, 0.148]	[19.563, -173.934, -84.246, -58.294, 77.217, -53.398, -19.541, 4.104, -17.014, -2.996, 2.721, -6.086]	-42.901
173.245	[0.095, 0.033, 0.007, 0.043, 0.144, 1.0, 0.114, 0.056, 0.029, 0.316, 0.02, 0.086]	[20.781, -192.636, -81.829, -61.915, 74.146, -54.277, -0.22, 5.309, -18.086, -0.558, 0.647, -12.879]	-41.485
173.384	[0.067, 0.015, 0.006, 0.007, 0.068, 1.0, 0.212, 0.06, 0.045, 0.379, 0.081, 0.056]	[25.02, -163.212, -60.693, -8.095, 13.393, -37.263, -0.513, 5.776, -21.834, 0.614, -9.341, 12.446]	-39.923
173.677	[0.583, 0.023, 0.016, 0.024, 0.067, 1.0, 0.177, 0.13, 0.047, 0.194, 0.036, 0.06]	[30.497, -36.34, -45.044, 44.311, 28.58, -32.485, -23.249, -35.099, 17.951, 16.01, -32.507, 6.497]	-38.748
174.141	[0.266, 0.02, 0.123, 0.032, 0.116, 1.0, 0.12, 0.068, 0.033, 0.139, 0.029, 0.069]	[22.743, -156.252, -56.492, 7.297, 51.153, -41.532, -16.524, 46.944, 15.79, 2.343, -18.601, -13.003]	-37.744
174.986	[0.227, 0.022, 0.087, 0.017, 0.117, 0.585, 0.116, 0.111, 0.035, 1.0, 0.024, 0.111]	[18.882, -148.809, -52.797, -24.558, 96.864, -41.417, -31.335, 28.799, -6.229, 10.572, -4.545, -12.205]	-42.940
175.829	[0.364, 0.031, 0.062, 0.027, 0.144, 1.0, 0.095, 0.156, 0.043, 0.348, 0.027, 0.192]	[13.536, -80.885, -84.575, 31.85, 98.45, -56.223, -46.297, 94.056, 0.385, -3.907, -11.876, -11.225]	-45.057
